-- phpMyAdmin SQL Dump
-- version 5.0.1
-- https://www.phpmyadmin.net/
--
-- Servidor: 127.0.0.1
-- Tiempo de generación: 13-03-2020 a las 03:50:32
-- Versión del servidor: 10.4.11-MariaDB
-- Versión de PHP: 7.4.3

SET SQL_MODE = "NO_AUTO_VALUE_ON_ZERO";
SET AUTOCOMMIT = 0;
START TRANSACTION;
SET time_zone = "+00:00";


/*!40101 SET @OLD_CHARACTER_SET_CLIENT=@@CHARACTER_SET_CLIENT */;
/*!40101 SET @OLD_CHARACTER_SET_RESULTS=@@CHARACTER_SET_RESULTS */;
/*!40101 SET @OLD_COLLATION_CONNECTION=@@COLLATION_CONNECTION */;
/*!40101 SET NAMES utf8mb4 */;

--
-- Base de datos: `bdsoccer`
--

-- --------------------------------------------------------

--
-- Estructura de tabla para la tabla `arbitros`
--

CREATE TABLE `arbitros` (
  `idArbitro` int(11) NOT NULL,
  `nombreArbitro` varchar(45) NOT NULL,
  `apellidosArbitro` varchar(45) NOT NULL,
  `tipoArbitro` varchar(45) NOT NULL,
  `nacimientoArbitro` date DEFAULT NULL,
  `idPais` int(11) NOT NULL,
  `edadArbitro` int(11) DEFAULT NULL,
  `idAsociacion` int(11) NOT NULL,
  `gradoArbitro` varchar(45) NOT NULL,
  `imagenArbitro` longblob DEFAULT NULL
) ENGINE=InnoDB DEFAULT CHARSET=utf8;

--
-- Volcado de datos para la tabla `arbitros`
--

INSERT INTO `arbitros` (`idArbitro`, `nombreArbitro`, `apellidosArbitro`, `tipoArbitro`, `nacimientoArbitro`, `idPais`, `edadArbitro`, `idAsociacion`, `gradoArbitro`, `imagenArbitro`) VALUES
(1, 'Eduardo', 'Gamboa Latourniere', 'arbitroCentral', '1976-09-05', 1, 42, 1, 'arbitroNacional', NULL),
(2, 'Jorge', 'Osorio Reyes', 'arbitroCentral', '1977-06-26', 1, 41, 1, 'arbitroFIFA', NULL),
(3, 'Raul', 'Orellana', 'arbitroAsistente1', '1983-10-05', 1, 36, 1, 'arbitroFIFA', NULL),
(4, 'CHRISTIAN', 'SCHIEMANN', 'arbitroAsistente2', '1985-02-23', 1, 35, 1, 'arbitroFIFA', NULL);

-- --------------------------------------------------------

--
-- Estructura de tabla para la tabla `asociaciones`
--

CREATE TABLE `asociaciones` (
  `idAsociacion` int(11) NOT NULL,
  `idFederacion` int(11) NOT NULL,
  `nombreAsociacion` varchar(70) NOT NULL,
  `fundacionAsociacion` date NOT NULL,
  `sedeAsociacion` varchar(45) NOT NULL,
  `idPais` int(11) NOT NULL,
  `imagenAsociacion` longblob DEFAULT NULL
) ENGINE=InnoDB DEFAULT CHARSET=utf8;

--
-- Volcado de datos para la tabla `asociaciones`
--

INSERT INTO `asociaciones` (`idAsociacion`, `idFederacion`, `nombreAsociacion`, `fundacionAsociacion`, `sedeAsociacion`, `idPais`, `imagenAsociacion`) VALUES
(1, 1, 'Asociación Nacional de Fútbol Profesional de Chile', '1933-05-31', 'Santiago, Chile', 1, 0x89504e470d0a1a0a0000000d49484452000000f5000000690806000000e215655d0000000467414d410000b18f0bfc6105000000017352474200aece1ce9000000206348524d00007a26000080840000fa00000080e8000075300000ea6000003a98000017709cba513c00000006624b474400ff00ff00ffa0bda793000000097048597300000ec300000ec301c76fa86400004abc4944415478daed9d75981c55f6f73fb7aabd7ba6c73da39964e2ae442078708765910516b785057eb0d822bb382c2ecb228b4b7009168841dc6532496632eed333eddd5575df3f3a68642409cbeedbdfe7c9c343527dabead6f9de23f79c730571c4f11b46f8ad59580afab3edeeeb6d5a57679a50943cadb323431a4609ba9ea2da1d4744db5a5c8adde656cdd60c3de8476a1a008ac58a62b3493d18a833343d68cdc9f3453bda3f529cae76198d6c566cf63ad566af5713dced9fbcf66ee4c2ff91391371b189e3b786af80fe679e6c09556d493382817c69188304cc448f0e1352a6a1eb0e9056434a25242c1808bcd888a220103f4ab50489c48686930800361941558481242c15a50b456dc164fe4e1ac617c264de64c9ca6e74940e6e09556dd10adffe284eea38e2e82b3e05869cfb7b4b70d3fa0c60a48c848f378281a9c2d03391d219c6a474091b6dc2458770d2a824d1265c2c3295101016da4402614c3b1ddb459824e9479192b17a255986876ce921cdf0922a7db865102b9a2e85d285c5da22cc960fa5949f58d2b336ba468d6b0c6c5cab15bef5519cd471c4d11d7cefbe83f39863c5a6e96392886a43409e61f87d072952cf8d1ac2da211c34296eb628997c691acc56358336e1228085883421a58889b02a0089aa0a0c03a494bb117589406246c329c3a44a1fc3f51a266b15141a2de41a1db86500551094165bbdb039de561d8ef784a2ae297e779e77fdb80286acab8e933a8e387e8a962b2e25b174a8a89df57c86ae6b87eadeae0b4424341c299d1dc221b62819cc310de26bd3209a4402016c188a29664f0356b3a034d7893bc18add2258b2a183a9c3533879463fee7f7d33ab2a3ca0f450b48dd8b08a30708930f9461b07681b18ad5532d068204906a56a527dba64aeea703d6376272f283afbaad6b6c573487bf01f7152c7f1ff373c77ff1df791278b8af34fc8d0fdbe43115c2ea291e111a998ab9554169b4af8c03c8a72259b80b460b79b484bb26052a0a1354428126360419683f7ef994669bf4434dde0a4bfcce7a07159fcf9f4419c7cc33cdefcb276bbf6de0da4a428dbc99193b328aff1b3a9c64b436b88704482020e19a6c868e1f0e82aa6691b29325ab12846589aadcb31991f52ed8e2ffb7fbda4adf3a10748fad3d5bfa97936c5452d8e7d8df0eb6f72eb2927d138ebe5a4a6f75f9f6904fd578b68685818b3b95ccde52df378be3195d1acb8912880c1c421295c7b7a19e386a42180973ed9ca6dcfaf2710d4896a12bb55c56e8b89efd4e1697474860041528275bb4617dd6ae8a3f6cbe1a1abc6120c69347784f86c51030fbc564e79b58f80b0b04ec963bd3587e7ad533932ba9283a36bad03220d9312c2ded1baae2fdf346df4bd2667c2e70af8c2efbc87f9b8637e13f3adc6452e8e7d89ca630fa573d942f3b064e758a945fe41c0fba7a826fbad5373d5c76d07f1b0f55096294584543b421148c3a030cbc1cb7f9dccb8c169ac286fa734dfcdf8c169cc5fd54c659d1f45159c3ca31fc92e333e7f848c143b9baabbd87f4c16f35636b370755bb7e6b75004171ed79f510353f8ecbb5a1ada429c7e583125394ede9b5f47242a29ce71e2729868f62bac500a986d19ce3a358f14e93365465afba9a1c05112465c9a97591eacaf69bd72507fe3a1759bfee373aec4c52e8e7d817543f2f91ad03ada33234df5371b21ffc7844347548a34eb23d64338df712e6f9bc7e3114e06172772cf25c338e9803cd02423fa2732203f91b6ce30fff7d84a16af6fc5e93033a62c058050c4c0e3d7886806ebb674509aef26d9a5e20f44c94db777ef544a70bbcc0c2e7203f0debc7ae6ad6c01a028d785cb66c26e5578f08a517cfe8f03b8f2b4010cc87711566d7c6d1acce5f633b8df76381522c3a1777a8e357c9d1f85aa365fa979da53b71e39837543f2e3a48ee37f0b75e79f45ce1917a8b93326ecaf7575bc29c2a1ebfdd29cfabe793417dacfe619d3743cd20e8601185c746c3157fd6e08579e3c80cc0c3b1bb6f969f184c94e7390956667f9c636008e98944d4a9285a866d0d915c26c36b1604d2b9aa69391e2a0d31f2525d182da037f7a4c692203f313f005a36caaf131a4240980ea463f1e5f947165c94c1991c180fc446e3d77185f3d3a83cb4eec8faa804fd878c1328d0b1ce7f0bc650a1dd29e23bb3c77459b9b5ed5bd5d63d28f3945a939f3e438a9e3f8df40cdd9a7a22626b95a3f7bff4f5a7bdb9b22129eba59c9506fb19dc08dd61368b66731635c26379c3180e3a6e7605115de9b5747475798b183d398312a9daa063f9bb6756136294c1c92cad7cb9b0804a38c2a4b6550410246d4a0d913c16a5158bda5930d559d1c3c3e07b7cbcca07e2e9213ccdf07ca7789a92333712758a9d8d645ab27c488fe31adfdf1c27aa29ac105c79690e2b6b2a6a29ddfddbc802f97346235fd74bb4c52af2473bfed08fe6c3f8d554a9e2aa39183354ffbac8e399f9e8ed962dd76dab17152c7f1df8d7940b8ae26a36bd1bcbbb5b6963bf46834ed13f330ae74fc9e8f4d23494a76f0f70b87f2eedd53b9f392b1fcfbd6fdf8fda1052c5cd3c6a2b52da8aac2b1fbe7a1aa82a5e5ed001c362193aa7a3f1bb77591e0b430ac24090c49a72f8c4955309b15966e68273dd581cb612125d98ec3f6e3f6d74e03492685414531cd3c677913a989168a7212080435566ceaa07f9e8ba9a3b2b693bc8e8fe7d773dedf97f0e01b9b31e4cfed781dc142d300aeb09fc1bbe6318434992ffddec7fdeb565eaf7575266d1c3f384eea38fe3bb161542969a34a4bb5ce8ee7f5f6960b3b7593f509eb81dc6c3b91cd4a1648833f1e5dcc15a70ee2936febf9ecbb7a9c7633a71f9a8fd5a2f0f6d73544359dc327e532ae2c99af9634e00b441852924a668a9d551531924f1e968a625168680d01e0b45bf86c712381502cdf3b39c142aadbb26b4e4b484b3433a8301180651bda99322283e4442b15355d6ca9f3f3c7a38ae897e904e077871573ebf943494bb2108e1abb1cb45149e236fbb13c6c3b9416c3eec2d775a3e6697f426ad19cf523fbc7491dc77f0f3c8f3c8494125352f23823127e067fd7e1db9434e556dbf13c693d08afb0c798a440718e0b10f80211eef8d71a9e9c55ceadcfaec3e3d3786f6e1d2bcadb49705a386a4a2ecb3779d850d989c36e624c590aebb77602909f6ec7615369680da06b3a79e936e6af6e65deca66b635f8d852eb453776f3c08664d29064fae7b9088634129d260e1e1fd3cab31735a02870d4d47e00bc3a7b2b73573471d8c41c52ddd66e4c7a49489a79ce3c8d5bed27b04164a986a7fd5419893c6cef3f70909412cfa3bf4eb24a7c4b2b8e3ea3f5cf57b0eaa6bfc2f20587473dedff1291d0a8656a1177da8f619e5a16f33fa50421c080ac541b874ccc664871329f2cace7fe573751dde0c76153518420d965e680b159146439797f6e1dc90966260dcf6060be8b81056e32526c3cfdde16be5ada4c20acd1e90b3367790b1bb67999bdb891e73faee4858f2ba9690af0f34c51f1b388f8c801499415b871bbcccc9c9c4bff7e89d436f9b9ebc5f51c303a93df1d5a44537b880bef5ac233ef6fe59d6f6aa9690e76c769925d266c66850dd134969b8b18a837906d78066318d302b33f59b6e2de87eafe71fdb5dc337f419cd471fcf6d076e3f52cbfeb3e8a0f9b7e78a4b9e13119f0157f6b2ae526fb896c14b9e4675ab9e4c4522c6685aa7a3f084145ad8ff18353282b7493956a63f6a206b2d31ddc71fe508e9f9ec71b5f6e63ca88740a7312d85aefe5e5d95524b9cc243acd740534fef9fe669e78670ba1908ea74be39ba5cd5435f8110a9854309b142c16136e9719778205b7cb82cb61c6a242246a208dd822b3aecac76b5f56f3edea666a9a022c5edfc65d2faea3a639c83d978e222bcdc1db5f6de35f1f56a2e99240d8e896d04e9bca7d978ce0e86979acdcd4c6169f9585e601a44b2fc5feca4c190a4dca9a386ed9d2a79fab7bec961bb9fb9bb9fbecdbc433cae2e835bc6fbec69c934e65f889471c1eaaae7c4c067d45734d65dc663b8e3a9142499e93072f1fc95153fb51d3e8e7bac796f3f69c3ababc511e7da39c316529ec3f268b330f2ba0b2dec7490716e2b49b98f54d1d9f7c5b4f69be9b63a7e4f0e2c7959cf3b725b81c2ac1b04138a861b3aaf4cf775198e5a020cb4961b693f4641b65fd9c64a539b15acd88ed5a594a8846355ada036cacf651df1a645b63806d8d7eb636f8f97a590bb31734c62c0901630627d3d41e2218d2183b28950b8fefcfdb5fd752bfdd7fdf15a1ad26c1d5a70de0cc23fb63b5a8146439b8fcc1e5acac10dc693b0609ccec5a3514457976e41fcf38f78bbfdeb1d8f7f61bb84ed837db5ef1dcef387a8d8de307230d7d9810ca2b32e01b3ad73430466825150c9d738e2ae2b13f8f47204140386270cb33ab79f29d2d443583c7af19cdf9c70da4aec9c729372de08a53ca38e9c002ae7d641973963571f611c5bc3fbf8eaf9635a3450c125c66ca0a13195b96cc94e169ec3722838c143b368b8a10bd13612925e1884e4b478805ab9b59b8a69565e51dacddd249972f8ac361e6a8fdb2396b663163062673cedf16f3d1fcfa5de6922bc01f8e28e4c12bc7e0b09bf97c513d03f3130984344ebd79216bb774912c02dc107a8fc3b5d55892531749433f496a5a4dd9a2757152c7f19fc79643a7222c96d25075d53f45343c6daeb9ec474263808444a789d76f9bccf451e92c5a51c3882139d86d16ee7f651df7bdbc91cc642b6fdd358da125c9cc5dde883bc14abf0c07a7ddbc80cfbe6b8c695a435298e762bf11e99cb87f1ed34767e276597a4de2ee490e5e7f84792b9b78e79b5ae6ae6c61f3362f36bb89b16549aca9f4e2f14677ca142125c74dcbe589ebc6939162e79ba50d9c76cb4206f44be08263fb73dbf3ebd958d90542902c02fc3df83afb47d763986d6fd80b4b2e91bade5afce197719f3a8eff1c2a67cec09c929616acacf89ba2458e2e57b2f8abfd04aa948c18a1b7ab897058a7a135c89153f2e8ec0af0d9d79b18549ac14113724949b4f0d182461a5afc8c1e98cc80fc043aba22dcfccc1ade9b5b07c0c0c204ce3bba98bb2f19c979c79432a828099bd5b4d7090d31cbdb6a511990efe6c82979cc9c9c4382cb4c5b679865eb3b0846f49de7911b92c9c35279e2da71e465ba300c83ba263f7356b6b07843071f2daca7a92d44618e934145896c693358afe430c4a823d3f094e97e9fee1c3078d1956525d107d76c88933a8e5f1fd5bf3f898ce37e275a67bf779d08052e6b2051dce23891356a3e18462c35d3d85e1da508aa1a03e4a45a39f1901256ad6fc06e33939be5664c590a85590e9effb89237bedcc6c70b6ab9efd57216ae6e253dd9ca79c794f0d095a339e9c0223252ec28e2d733268510a4b8adcc189bc5119373b0da54b6d6fbf0faa23f27b62119d8cfc93f6f98c0909264aaeabddcfff27aa68eca626c590aefcdaf27e0d7183120897f5e3f9e0b8e2b65d1da165635a9ac37e53135ba514994c171918eb66d49530f5971814df27045559cd471fc7af0bdf62a2d6fbc40d78ac5c7c8a0ff0eaf61763c6c3b94cf4cc348b0ab9c7f4c317f3ead8cb28244caabbbf0056389209b6abcec3f2a8399079492986867eef24692132c8c1d9c8616d578e3cb5a36d7f809450c0e9d94cdfd978de4fce34a494bb223fec38ea1db65e18031994c1c924220acb1a5c68ba6c516ad14b78547af1ac301e372f07485b9fcc1653cf5ce56966c6c63635527ebb77671e0b8741efdf338260c4d271cd198fd5d3d9b6abdb42a89742a0e26442a4c163d342ad2dc382fb0614dc37dcfbdccdf5e7f234eea387e1d9c59b311736afa40adcbf3307ab4e415cb649eb5ee0f4270e5c903f8fbc5a3185e9ac20163b2705815e62c6d46d3241e5f144dd33964420e4dad01cebced5bd6577511086afcf383add43605c8c9b073fd9983b9e382110c2d4946517e3b611e2104f9592e0e9b9843568a95f5959d783a23242698396a4a2e79190e6e796635fffea40a1d416d6380cd355e4e3cb01f8f5c358eb2c22436577772e9fd4b0947742e3ebe3fabb776b232944a026146e8dbdc428812c7a0619f7a972cf43fbca972ef07caaa4f3d1ea19a14dfc655562318e03fbe5cc6f19f879498dc49c28846ef1541ffc5cbd442ae729c4e934ce4c419b93c71ed78667f574f5d4b90f38f2dc5eb8ff07f8fafa0a2ba8be59b3a319b555ebc693c271d54c48d4f2ce7ee97ca31a982504867fcb054eebc603833c666ffa6c8bc2b2c58d5c4cd4fafe6aba52d64a7dbd87f543aefcf6bc01fd601b09a152e3da1841bce1e4a8adbc6bc954ddcf0f80ab2d31cdc7be9280a7212b8f7dfebb8fee9b524695e1e09bcc068a35a17eee4bf0a21ee8fb6b7c91e734e4acc896e52661c16359a9ab48c67fffd23a97dffb89fc5575c4de1819307cb48f8ac70574796d48d7e48239e421ac7f750040cf3087bd25fec2733471d4c71b69537ef98c2e8c1e97cbca096bf3cb9924b4f28e50f47f5271c35e8e80c71f74b1b78e6bdad0c2d4ce095dbf763d6d7d5dcf8cff5685183e3a76773e745a3185898f4df155b68f071ebd32b78f9b35a229afc61abcb62125cfbbb32ae3f7b28368bca7b5f5771e3d36b39786c3a379f378294243b1bb7b471cde3abf9e8bb46a4144cd436735ff01552f17b0cc99a1fa38d3dd4c88a8a62b1349a6ccead5ad0f7ac50d42d5ad08f589666168ebcfc63a494b74b5d1f8a9471118e63277e9ac1739669dc633b122921d1a972c9b125fce97783494fb1b3a6a21d434a9c3615dd8081854984c31acf7fb8997fbcb1892497994db57eda3a239c35b390bb2e1e49569ae3bf722ebabc616e7b76358fbebd85b016cb521bd6dfcd170fcf2025d1c233ef6ce2fe57cb396b661157fd6e304e87996f9636f0e74796b3746327164b6c21d074c9a5e1cf393ffcd59eed2d0b01522e174929b7b8e6aff848bdaaac74aa118d3c8b61f48f8b6e1c3b55d318ac577379c036138f70a20808850d16ae6d676b6d17c34b921852924c56aa834fe655f37f4facc26e960c2f4d61fc90746a1bba78edcb3aa251830b8f2de26f178f2633d5fe5f3b1f56ab89fd4664100eeb2cddd08eae4bf232ec9c7b54091bb6b473d78b6bf9d369655c72521966b3ca1b9f5572e543cb5957e9c3e93471d7054329cd73f1edc64e2a453a13f5cd64ca2ee49e513b1b5d1f1379ea912fd54b72d31f91d1e8b8b8e8c6b12be8283c653d90f9ca408615b9b8f9ac4134b687a86f0db1bed2cbf28dad94e43829cc4d607071320eabc2c3af6f644b9d9f9a261f4fbcbb058f4fe3ec238ab8eb9251a426d9feebe7c46256d96f781ac190c6d28d1d78fc51c60d743366703a874cc8e680f1b9e8bac1d36f9773ede3aba96b0d812250813f1e5dccc90717f1e5e206b6b44350b13245abc0dc3beb7b47187a8ad9e14c532fcd48fa973474735c74e3d895d9fd9da99447ad0713514cfce5cc419c727001b3bea9a5ba3948924b65736d80b92b9bb199616849126307a75356e0e69fef6ee6a9f72be9f04639eda03ceebd6c0c69c9f6ff99b9319b55260d4ba3c313e0dbb5edacaae86060bf04460f4aa7bed9cf9dcfafe5ee97cbe9f46b2021c1a172d28c3c66ee974b493f373693e0b3254d6c91290c356a28365af6545b0bd5642a512f4e75dd1117dd3876ada5559eb2ce60a52860da88546ebf6004efcca9e6f1595b983c248587af1c456d6b9095e51ebe58d68ca72bc4a80129f4cb70f0d9a27aca2bbd4c1b95ce23578f252fcbb5db7b45a33a5e5f18eb5ec91eeb419be06e100c45f1748571dacdbbd5d8e306a7b2a1b283f9abdbf9745113f35734f0d47b5bf8607e23e1a881aa080e1c93ce1de70fe3ead3879093e122148a529a9fc892f5ad94d786f1284ef6d7366225ba47cf2dc01cafd28aa31b2ddd9f2f4d83b15b05171e5b4c5ab29dfdc76472ede903195d96ca80a2243ab7675c85a29247dfde4279b59794442b9f2c6ea630cfc9dd978ca0282f71f714949267deddc42bb3ab983e268ba32667337a501a164bcf44b4beb18bf9ab5b59b5d943534718292129c1cc90c244260f4ba7b4c08daaf66c43a7ad23c8ecefea797f5e0d9d7e8d27af9b40414ec22eaf4f4f7170cfa5a3a86c58c0daad5e3efeaee5075e0e2e7471ee51259c717831e9297642a128af7eba8577bea9e58a930730b6d4cdec25cd2c13452c570b39405b8fbe07a4d6a3d178e9651cbb4604131f9a47d1259c2428928d951e9adb020c284ce6ef978e4151042f7e58c1862a2f48c84ab570cd690399f5752db3bf6bc26255b8e18c32260ecfecf65e9f2dace58ee7d7d3d01266c19a0e9e7d7f0bfb8f4ae7e0b119cc18974d76860beb2faab2c2118d0d5bda79e3ab1a667fd7c0da4a2f91a8e4c716250245151466d939686c26c74dcb65e2f04cdc093f2f0cd134035f20ca862dad7cbea489cf9634b374a38770c40001b73cbd8a47ae194f82d3b2cbe72f2b4ee1d6738670ee5d4be90ce8386d0ae7cccce7e213ca282b4e0609abca5b79e0d58dccfaa60e5f4067758587d6ae080e8b2010b1f0b26532a3f54a1264688fcc70b16e487e7c0f2b8e9d6ae985a652fe64ff3d9dc201868149c0d8c1c95c704c09271e5888cb69c1e30df3d9b7b53cf0da260e1a97c5ff9d3998536f5cc047f31b3873663e8f5e339e049775b7f75a57d1cae9b77ec7aa2d5d3fe6584bc09058cc827e99764a725cf4cb7292916425c1aed2e8895051ed65f5160ff52da1188d7795c062c8edbdbe4d0c2c48a0acc04d9a3b6652fb239296f620d58d7eb635f869ed8cfe7cacedf5d2379c59c6ff9d3d0c8b79d74998e188ce9fee5fc413ef555198ede08b7f1c4049be9be6b6004fcedac40b9f6c636b9d1f009b4d61425912a71e5284cd04973fb21afc3e9e093ccb487d1bfa1e741a8b933a8e9d424172bf6d26ffb41c80c0a028d3467aa29975350134cd60fac874fe744a293326e4613629d436f9b15b553e9a57cd85f72d27c965e1bdbba7306e68c66eefd3d4eae79c3bbee5e3ef9abb25e50f7eb2205633b9bd78a4c74a4d6effdd0f637d3fe4f631c42ec69290685779e2cfa3f9dde125bbcdb4dc5ad3c951d77cc3866a3f7f3b772039192e9e78770bcbd6771035241929568e9c9ccd71fbf763d2b0745293ec78ba421c79d51c16acf570b2b6881b43efa1ee41245cbd24c37d6b5c84e3f825a1eb95641eb71e449b7472e2f41cfe75e304ce3bb69423f6cb61607e02ebb676f2f267db5853d14e41a69d818549787d61fefcc84aaa1a02dc786619271d52bcdb80572018e52f8f2fe7f53975c8dd05c6c476f27effe7a7ffdf1b2b55ec64ac9f8e2976fdbb70d460c98676c60c74efd6bf4e76db1086c1674b9af8765d3b1f2e68a0aa2148ff7c177f3e6d00b79c3b8c738e2a65507132ba2ef974612d492e0b5693e0d3a5cdb4e2627f6d0329d2df67133cee53c7b11319962c518ba81099a426a85c7c7c0905d90944358389433398382c83738e2a61d5a676667f57cfe50f2c65c6984c42a1288b377a1859eae694438a764b68c330f8c7abeb79ee936a0c297efbed3a84a0a639c855ff58c10bb7d8195292bccb4b4f3da488573fdfc6fc556de464d879e0f2c11c3c3197c21c17925894bfa9d5cfa5f72e66d5e64e5ebc791287ed9747d6cbe5d4b726b256ed4789d10c7152c7b1b7104565a16900d250d86f783ae387a473df8b6bf8747123a306a670dcfef94c1a96ceb431d94c1b9dc587f36ab8f0dea5b478c248e0dca34b28ccdd7db4fbc58fb772ff6b9b08458d7d523824e8f6908e3e983082659b3ab9f691653c7be3e45da6b9a624d9b8e4f8fe2cdde4415505078ccda23027816f5737f1dc875b319b04775c3092f38fe94fb2dbcaa8b2341a5a03d8ad2aa0f0b979288744d76041eba3a515471cbf30bdab947496aa45a048a68ecac4e9b472dae1259c77ec00ea5a435c70f7128ebee61bee7c6e35354d7e0e9b9ccbb8412944420683f25d1c3e3977b7f758b4b685db9f5d4b5b57749f10da6155983a2c19d3bea8fc52049f2c6ae18ee7d61289eabbbcece049790c2d7253d31c64f6a206da3b43fcfdc5f55437f93974622e0ebb89892332193b24830e6f8487dfdc444d730804ac52f3a9555250fab82cc535751c3b98de1bd51c1a15374240636b90fa663f85390914e72572d28105acdfea61deaa163e985f8b1082ab4f1b4478bb809f72603e25ddec493bed264ce67d54ca6f48c60c48e2ce0b8773cedf975051edebf658db5e93c62418589088d9b46b9d989a64e3b4830b58b6c9c3731f5572c28c029ebc6e02094e13894e0be5dbbaf8f323cb63852ed55e566ef210d10c50046dc245b99acd00a311a30f26783c5016c70e66eb3b96b1ac508bc03058baa19d0fbfad6779793b91a84e41969392bc44260d4be7e869798c1a90c2862a0f0fbcb6099359e1a67387fe7064cdae909162478b44f96a45f32fcea6da3bf8d3290339f9e02216af6b63758567ef92da901c3a3e835bcf1bb1fdccae5d2333d5c6fbf36aa9a8f593996466eaa84c10826f96d573f3336b98bdb081559b3cb4782324bb2d58cd0ae18881814a0221a668e57dd2d6bf9ea696bb39dc08416f8ac3a5bea3d923140514652f3de79ea718eebb399420947dd6c0228899cd4a2c5964d480244c0a2c2bf7b0614b27af7eb68da1256e260f4be3e8a9b94c1e96813dc1c4d3ef54d0dc12e2e8fd7319de3fb947f7396366096f7f5dcb82d5edbb6cbfdbfbf98154b79529233200c1f1d37379776e1dbea0bed73ea7c3a672f1f1a5a4b8addd5edb2fc3c9a881c954d6fab8fdf9f5bc3db71e29a1b6c98fd5a270f651858c288d1d6e909fe920108af2c89b9b787e760dabd47e740a3ba9d2d7eb28f8af436ac3c0d2af8094d3cf46586dfc34e30721086d5c87e7edd791bad6ad505b0a0a714e98f233020b21086dde4460e9777b4418c5e922e98453b1169580347e638c1618c100c155cbf12f5a88dee9d9ebc45630d8aa66b041cd016970de312514673b39f6fa0564a55839765a2e9f2c6ce0e15737f1d2a7db183920890943d298bda80114c16113b271397a561b94966ce79009d92c58dbbe57b5e8e1133219ba3d323d636c3623fbbb99bfaa6def2c1c86a424d7c9d821693dbadc6c56386e5a1e1f2ea8a7d3a7b1665307979f328043268ca038d7454e9afd87d4555d373024dc72ce3016ae6da3be2a8126c54dbaeeed75dae8af426a61b1907ccaef4939e3dc9d0a62b4b181d0fab50457afd8bdb69512dbe0e164fde53684e9e78f1eadafa3e9de3bf07ef9694c93f741e085cd46c28c43708e9bf89b358f8d4080e0ba55b4bff41cbe6fbe4446f75eb04901aa94743a7062b72a94e52752df1a241cd018332193bb2f1e454b47984dd53edabb222438cc6cdad6c9f2720fc94916460c48eed5fd8e9d96c7d3ef6da1ae35bc5734a9c92c983939079b35e6afbb13ac4c1991cefcd56d7b6dfe0f9f9845664acf2bcd260d4b272bc546754380e3f7cfe5c6738661b79a0847751adb425436f8f87c5103cbcbdbc9cf7470c7052328cd735151e5a15524fc460365868163fc24928e3f6597c267ceca26ed82cba8bbfe4f18deae6e8474e766bc392797ec1b6fc7949c42c7acd7fa26ec72776ec26f038ac38173dc246c6543687fe95fb43dfb247bab9f9c041a851b432af4cf755256904866aa8dcb4e2d6550a19b6058a3b6d90f024caae09c238a3024bc3db79ef165c98c28ed1da94bfa255292e7a2ae39b4e79ad49014e5ba18ff0b2d7ac201f9bcf049150d6d7bbe7098cd0a938667f6aa822c2bd54e718e8bea7a3fe386a4633129dcf3efb57cbea489164f184d93a4ba2d1c303a831963b3703acc24384c4854b62a194c67c36f8cd45262cacc22fd82cb519376ffc15d93a79174f4f1b4bff2429f6fa7a6a6917ee5b5088783f6979f4746c2ffb3cd13d58444d2cebd1824b43cf530e8fa9eafbf086a95149030b02091f4143b39194e1efad338e47613f19e4b46b17a8b870d5b3b185292c4db73aa216a30b4d8bddb12c59dfba7260a329d40eb5e9993e3a7e75292fb73ed36bc349989435279e7ebba3d5b38642c6a9f97debb7a70a7ddc4d0e244be5eda44737b807044476a1a474cce6178ff640ab29d64a5d871d84d0862fef6e65a1f0885ef4cfd392df26daff7abf729a985c944f2c9a7e31835b6fb6bad5652cefc2381654b086d58dbe7a0979ae826fda22b10361b6dcf3d850c85fe67892d2c16524eff03c1b5abf0cef91ca1eed936510413754a722cc9626307573fb4941963321854944c7ab28d04a79909c33298302c23764c2db0b1aa0b0494e4f5de541442e04eb0ec95c0a4c3a672e0d8ec1dbeb5c5ac72e8842cde5f50bffb73ab7bc06a874dddfebcbdc3f491e93cf9ee56de995bcf79c79472dd1f46fee8366a066d9d61366cede0e3ef1af86861032b2b3a411178a483883061955aaf62e0fb8ed4868163c27e249f72c68e04951269183b08a125af1f69175e4efd8d7fc6f079fb4c46c5e922eddc8b512c565a9f7e748fcdd3704539a1b5ab7fbd80f8f71b02162baa3b09353d1d4b4e3f14d78e4d0654b71bf7cca3f12f9c87d4a27b1086034da804841504b4764578e1d36d3cf36125c90966f2d2ede4653819d13f8903466750949b8082a4bcda8b6a51c8cf72f6e9bec94e758f098d2199303899d165293bfde723a7e4f1d8db9b59b3a5738fb6b7142150fbf0fbd27c37492e33eb2abbb8eaa1659c7354098a2258b0aa99251b3ba86cf0d3dc1ea2cb1bc530e4f67c748556e1c2276c24ca60af22e0fb86d452624acf24edfc4b31a5a4ee4892ad15f816ce23e5943310969faf7caea9fbe39e790c1d6fbebc67bea7dd4eea59e7216c365a1e7b00c3e7eb33b1bd5f7d46cb530f2384f22b715afea0c9505484d58a63e41832afb9114b7ee18e5a6aec042c45c584cb37f4d9c25130a852d2a854d240486e3b670876abc2c5f7afc0ed3073d909fdf9d70795dcfacc1aee7759484bb2909c606143551799c956fa65f4ad4d51bb4fdbb9a6963d8ba57cbf221dbf7ffe2e7b9fe5a63b9832228d35159eddac1fa29bbf12e88644d37aafee9312ad381d265a3d61defeba8e0fbf6dc46c1244a2b188b7cbae62b79948705a70d95484808db57e744321da87a4cf7d436a55c57dec8938c64ed849f4d64fcb130fe35ff80d96fc4212a61ff873e1b2d9493dfb8f04962f265c51be477bcfc26a23e5b433516c769a1fba1bddd3d1a7f1a416c50885f6c9016ddd296c00fc3ebabef804ebc041645c7af58e1f312d034bbf02421bd721f620f3d7276cf8b1615260407e02918886a11ba427db3876ff023e59d800bac4eb8be2f546a914b1dae0a1c56e72d37bdfee57d70d5a3da11d08a508416a921993aa20a54408b1ab8a48a494a4265ad87f74e6eeec7c4e3d289f39cb9be9f46b3b1f4bca1fe65b1122661677457e961ce30b6ab475867bfd9e890e13a98916b6350638f78842c60f4e253dc98ad36ec66c564976997039cc984d2a4ebb4a659d9723ae994767bb9d56914821adbdb266f63ea90d03c79871a4fefe9c9dfa78beafbfc43be7738c809fd6671ec33e6438a6b4f49f9be10545a45d78390d375f8711f077ab61b5b656225b2bb08f1a8b30fd3c5823cc16924e3815c56ea7f1de3bd05b5bfa40eced42b5a7a4561484a2feecfb48c3e859904b42a4722bd2d06363fcf4e95415c5e9daf30a86ed75c68a22505585e10352b8ed8f43c84cb661362994e4b918373c0dc33008450c9a3ac2b4b687497098b1db7adfbbb2c31ba6a2c6b7a3bc0a3865463ffe784c09364bcc3c8f4dbdd8c1a291122c26857edd98ff934764f2c9030710d5f49f8c237fb0118ced75d68a22e8e80a73efcb1b9835b7fe67cf1408e95437f999d4cbf7b45a549c763302386abf1c8ed9bfe01794914434034d33d074838816fb060602ed3faea9a5444d4d23ed8f97624adfb1383e525d45cbd38f22830184aa125cbd82f6979f23fdd2ab77580012a61f84ffd09978de7dabfb15bfb383a607ee2271e631a49c76e60e7bd84255711f712cc2eea0f1efb7a235d4ed9decb35ece4dc2f403711f7dfc8fe45314225b2b687de6b198dfdfcd6a2ccce65db80072af24cb48f1a3d5a9280ac5796e6e3aefc7a0ce4de78de4bab37434ddc03024af7f56c9c5f7af2035d184d5dcfbf9fc7c5103ebb77977f0730d5df2c227dbb05a546efcc3509212ac7bfc6e2655a130c7d5ed759b6bbab8e7e58d7cb0a0718714565d33786f6e1dc74ecfc76a517bb1960b2c2681d40d9a3ba3048251fef1fa462a1b8344221a1e6f84769f4634aa130a6bb479a3b47ac298faa843f62ea91505f711c7e29cb8df8e0a3c1ca2ed8567086ffe8949ad697866bd8173f2b41d123e148783d43f5c4860c53222555b62a991bbd1a45a471b2d8fde0fba46caefcedec1574751483cf0d098c6bee32622db2a7b4cec98469088deec61ef44ab5b4b079278f0cc9ffd5d704d366dcf3f037eff2e382d91864458add8478edee9b8321a45f778f6c89210408348222c4c98252c2b6fc7615349749ab05a544caa82aa28d82c0a76ab8ac3614631a92025568ba9d7676105c31aaf7e5e4dc8afb133e9f5faa33cf4da26366eebe2fecb4733b0c0bd4fd75cc390bcf1c5366efdd75aca2bbbb63754d871ed9cbba299ad755e061525f59c648ac0ed50c188358668ed0cf3c4accdd43404760cdc7d7f5f217e03a4360cecc347917af6f93b98c000fe8573e9fce09d5872c7f7c2a728682d4db43ef90f6c03ca50dd3f9f286b4929697fbc8486dbff12db9ada2d8714f4ae4e5a9ef80786df4fea3917a0d81d3b10cdb5df7472eebc9f86dbffd2e3c09262b3a32625c7f2cb7bb20844c218c160cfc864527f7cef5f925255512c16d4a464dc471e47d291c7ef748cc8b62ac25b2af6d8e70f0a2ba010d50c6efee75a2c2681c3aa623229a88a400881d3a690e83063b1a834b4857e30597b8ba82639f1e0220e99dc0f45f9a979fd63d04c22310cf086f67dca6e286a60b29ab9e494413b2dd9fcbe0b92aa80d3d1bb6d2d21889ddf0dd4367a0906a358ad6a6cdf7c1f9487ee1d524b89e24a20e5acf3306765eff8019b1a687dfab1d83695a2ec90b51558ba18cfacd7493dfbfc1d043b61c6a178bf9c8df7cbd9dd4f9ea260f8bcb43efb3846c04ffa4557ee741bc8317a1c39b7dd4be31d37125cb3b25b62271d75fc4ead8f9d3e83aae2fdf2335a9efc478fb2d32c85c5e43df8e44ef3de85c98c62b7a326ba5113ddbb7c4effa20544f7824b619761c4763f33aa194435f007f59f479ee54ffebb5da318bd2cb5d21aea912b97711c121c4a8cc2f22703ff6238a342e2293730e5e4e1183112c5bcf7ce9e083734c6d29323610e511414dbf74f217e120097db1f4f4224048b2d840a8bb10d1dde23eb48cad8228680e73fade18be5add4b706f709a1f71ea98520f1909924ce38642791638d8e375f21b876554ce884404d484458ad3f7e4369d0f5e56c120f3f7a8745414d4c24ed82cb08ae5f4bb4aea647cf22c361da5f7a0e198d907ee9d53142fc5280878d20e78efb68b8e346024bbedbedc731656462cac8ecb9a06cdef4fda165dd5b017607b6b2c17d9efa48cd363c1fbc0386b147a49640b6f460214a18f3cfcdc19fdaa1bf9c265d128e681886fc411b751b207beb155a9e7a647bb5d92f43fdbb7e42c59548f279979276eae9a84ee71e89ac9412ffaa9534ddff37c2ab96f53c3d581a20258e11a3e9f7c4f33b58973bb54a74496720568fd0da19a1d513de6784de3ba4360caca50349fbe325db2bb07e8ec0f2c574bcf6ef98d0018ad349d60d7fc5367828f227293e425577994a6a1f329cd433cfa5e9bebff57891915a94f6d75fc20887c9bcf23ad4e4949dfab839b7df4be39d37e19bf735fba001ce3e85d6d14ecb630f12fa7ec1dcd3b5b98fafdfd6a5118e1a387ad02cdf088508ac5c8ed435846aead5941b5d1eda1ebe9b686d3519175d8e2523a36f221b0ed3f1f107b43e7a3f7a436d9fe62e5cb595686d758f482da544d3e54f7ce67dbb356adac3e50ec5e924f50f17622928da51e8da5a6879ec21f4f6b61fcc6ea19ab014f7c75a32a0579640d23127e29bfff50f8b438f1c194dc3f3ce1bc86884ccab6fc0949abea3f99b5f48f65fefa6f1efb71258b1f4bf86d0d1fa5a9aff712f9d1fbfb7f7844440afb3bb0478031182a168b74d0300f44e0fd1c6fabe25f208017a94ae375e24d2d642bf3beec59c98d8eb615a5f7e81b647ef4386827d5b0c85c0f0f988d454631b32bc7b7f3da2e30f447b3db58a9498fad02a788f97f784030f23f1b02376aac13defbc4960c5929da489f6fe3e6a5232e9175d113383652f88adeb747ef00e8d77fd956873e34e2f3367e5907dd39d241d7d428f8361ff1118065a5b0b9d9fbc4fcd5517d3f9d1bb7badaa4c2248357ca41adede115b08ea5b82d4b5047ae62e34d4a1793af66021126018c840a0cfdf4a8643187d25f40f6e659448cdb61e5debf54769eb8af4fa3d136590b43e1c716bda1301b314f727ed8f97a0d8764c110cac5e41fbbfff154bac103b09dbf72590337c148ac3d56ba1431a747dfa2132aa9175dd4d98b3776c8c674a4b27fda22b76da5525b46923e14d1b7a26888a827fe9e21e934df774e05ffc2d3212e9f6b5c25b37e39b3787f0960a6430b857f7da0d04b94607b9b2837a527bbef20a68e98c50d3146478690f2c8cca2d185d9d7b645d482148183f1193cbd5a7df271c70089e375e426f6ee866abb49b77696eee512cc3e38de00f6abd7e6715a34fc7dbf68dd45222ec0e52cf38076b49e94e05b5f58987d05a9a76fec2df136797a6f4f7a72ffcfcb7c264c63670501f042216b4f27ef929e81a99d7dd8225afdf8e7c74ee5c48bc5f7c4acb130ff5aae5524f491da9ada6e1f6bfc43a9974bb02e8b17115b14f9267140c6cb2f7452191a8c1b6467fcf168f5028f61e7b92fe6bb3631b3caccfbfb7151662ed3f107f633da28f856d1289160ac6f217bab9767da587ce5e9bdf8234e9c3d58773b5faaca913a61f88fba813762ad09d9fbc8f7fd1c21d3f9c1018c120adcf3e11d396bb127c29515c2e924f3c0d734ede8e9a770f6200de395f20759daceb6ec15250d8f388e71e0a6277560f3de9d622c43e0db258d0c8353afaa2e6d9b0adab6702979088305bba6f5db59bb93265e5602d2aeefbe265b3611f3986c082aff720fc203025ba7be4027cb3a28568d8e8753d77b6e1c126a3bdf6564d7d99544b7e2169175c86e270ecc454dd10ab638e46766adac86804ef179ff6cc346d6f27eb2f7f45982d7b517425beb97368d0a2645d7b33d6fe037af409ff7f808224cf68ef53d0a3a2ba0b7f208ab39b1e65d692525477125a5b4b9f16282925ce4953b164efbab778a4b181f0d62dd8070fc1b48b1d15d7b4193113bcb5b96f0ba510587272bafdad3f1865630f17bc5fcae9387d2b56a2bd3e2c4fe9e58c22ac56927f7756cc0cfe25dffd7edafef514d1badaddfb2adf6b9cddfd01ba3efb08df8279fb407c25fe85f3a8bff95a022b9711c78f4b5796ec44e9ad1fa708166fe8605545f75ade9491192bc7ed63804fa826ec4386217696f5a5eb7817cca3f6aa8ba9bdf40fd4fde51a02ebd6fed0d0e167f199fea558fa0f8815d4f4e5392c562cf945dd5ed7d01a646b83bfd7216933daf605b62f8b732f49ed9cb81f49c79dbc73dff3eb2fe8faf2d3bd246122e69bfff331b4d6967d22c4c195cb68f8eb0d04962e8a333a66455368b4902cfdbdb34e04747823acdcd4bd102a896ecc79fdfa462629511212b0960edc3168d5d840f3930f5377ed6584562e4586c3f8e7cca6e6aa8b687ff5c5586efc4f9fc36ec7367454dfb4b434509392b1e4e5777be9b76b5a686cef6df71d8143464893de7d4c6ac3c09c9347fa4557a226ecb83718d95645ebd38f200381bde7f729ca0f955c7277e589a2efe387cbd753ffd7ebf12d9c1727350ac57a3383f4fade4faa019f7ed780d7bffbad1b6136e3183d1ed197544f6960193018eb4f1a45c8a88677ded7d45c73196d8f3f88e169ff2173114541afa9a2e9efb75277f375db935e7e9423d794fd51937b6f354843621b3e1273764e3701449d77e6d6c5fce95e224376916974f6e9840e536f08e09a321d535a7a2ccff8278c92ba46db8bcf10de52b1f783497a2c81c43e720cb6818377dca35614b4e6e6be075e1485c8960a1aefbc89ccabaf8f45557ffa911505ddd7b557dc6ac3e725dad4f063d45f51635688f1dbe9316e274a7fa389f994f5da04ff66552b2b3775c44ea2d80d120f9989e79dd77b2d2f128163d2544cee58da6fa4be9e8e375ea6e3f517313a3b405177fa7d9106be2f3e22b86a1929e75c48f2d127604a4ec6317830d69252024bbeed797f3729516c36928e3e01c566dbeda5d58d7e969777f4211b44305cafc1ddcb3646bd27b51078e77c8e6fe1dc1de328868ed6daba6fa44c2868ad2dd4ffdf9528ae9d37b7935a14bdbdbdef1682a210a9da4addf557ed344f5cf776edd17ee6f7f3e7797f16de395fec1038d4fdbedf4c73448164885e8782de3b2d21a0cb17e5b3450d4c1d95b15b4d6fceeb87fb8863697eec815e6949c56ac53168305237f0ce9b43ebd38f125ab5ec870572f73f56d15b9b69b9ef4e828bbf23f5dc0b718c1c8d7dd848024b16f6ca05708c9f8c73275d7d7e8977beaea6a6b9f796ab82ce24ad022bda3e6e9220654cabecec2308f65ce8bb53d85d9dbbdecbdd1b5b3d4260f8bcb1bee3fb627cc0f076c5122ff6c1d87b2f842828d3ebc9323aa95792e96d24fcadafaa396b6611fdf3775fff9c7ccaeff12ff90edfc26f6239e03d70ffd4ac5c84c54ad343f7e079e3250c6f67ef2cc3ed8948be399f125cb38294732ec23a68186a722a464f4e3c310cd4f40cd2cebfacdb9cef968e10af7e5e83a1cb5e166f0852a597817a439f4c6fe8ed0179dd44abf7ad0a11fbfefeffa9f17f439008dc32c04635977235a777a41682b6ae28c5394e260e4ddfbd36b2dbb116141258b90cadadb507fbbd1225259dc0a285f8bef828d6d3bdafae9e5090013f8145f3d1dbdb913e6ff76db3a444d8eca45f7e0dee830febf6bbbdf35515cf7d5245effb142a4cd62b3831b2a4cf47d9c6cfa78e6347f3189dc9da26147a7f40803424cf7eb0952db5ddefcdda478e21ebff6ec55a50b4fb40e8f76e58650591f2357bcd32c330082e5988d6dd5eb56120ac5652cfbb98e4134eed763169e908f1e8accd04437a1f08a97370742d76227d7eb538a9e3d8a9b61ea757d2df68a2f7a54582355b3b79f9d3aa1e354f704d994ed64d77621d30a807c4167bdfcdeb4edb1b3a4a523269175d49dab917a158bbef97f6ea67552cdfe4e943cdb420d3e862a85ed3a700599cd471ec5a8e11e4181d4cd3cae95bd85ff0f83b9bf96e6dcff20b5cfb4d23f7ae874838e09058c0ebb7b01bb0fdc8644bc900b26eba93b4732eec11a1cbab3c3cfa5605d168dfde61aab6917e467b9ffde9defbd471fc7f83effdb9af4d83080b4b6f398d3fa0110c4639685c16366bf78130737a06aea9fba3d81d44eb6b6381abefb5f3afcd675d4775ba701f72045937dc866bc2e41ee57887c21a373db9922f9635f7494b27ca20d7863f225776ec91a68e933a8e5d9ae0d94627dbd47436aab9f43a1f5c08366ef3929d66dbe124ca5d2e24561bce31e3718d9b840c4788d4d5600403b1868abf02b9a5ae231405c7f051645e7e0d697fbc04732fda58bd3cbb927b5e2927b2bd1f596f97d171fa164e897e87051de2a48e635fc08c8e9d28df98ca7aafad89b5dd5db7b593f165c9e467b97abc1898d2d2714d3d00fbe061a80e275a4b732c5700b9f78f3efafe5c379309e7a8b1a49e712e19975e8d7df4b81dfac7ef0e6b2adab9fc81e534b486fad47fcc46946b421f51663460eca1571c27751cbbd5d6398687aa3dd0d69dde28e5d55ea68d4c27c5ddf3a6fc4255b114149130ed001c632760cec8448642e86d6d482dbac7da5b6eaf4d3725a79030ed40d2fe700169e75f8673f2d45d2639ed0a0d2d012eb96f098b36b4f7b1a1a0c2046d336747e66d3fb676cfac12b16e48be8c8b6f1cbb5cf53158601ac055f6d3e9140efad48bca909c32239787ae1a47569aa3cfcfa23537e15f3817ffa285f8172d24dad4f0e331443d69d5bb3dbaaed81dd8870cc7396e02ce4953b10f1ff56377db5ec2e78f70d5434bf9e747dbfab8ab2c70c9100f055f628a56deeb32cb38a9e3e8130c047fb31dc3ab96c9401f4b15a5e4ccc30ab9e7b25164a4d8f7e879a4ae13deb491c0f22504962d22b07411d196e6eda784eefcd864c5e1c03e64048ed163718c18837dd4985d76afed29fcc128b73ebd8a87dfdadc473f3a46eaa3a2cbb92df83656b4bdd2cf56ac1f5a68486988b8e8c6b16be3d060bd9acbd5f6d3a952d2e96b2b6521e1ac9985dc7dc9c83d26f60f9c8d4609ad5f83efeb2fe9fafc13c25b2b7e484e91ba8e39331bf76147e29c3405fbc8b1a8eebd737c8f3f10e5afff5ccdc36f5610de034267ca4e1e0f3cc760bd6e8f7d690093cd867a5951ee793212498c8b6e1cbbf3ad3365175154169a06f47d2001ab2a3c34b4fa9938249504e79e77b411aa8a392b1be7c4fd704ddc0fc5ee24525d8511089230fd40b2aebb99e4937e87a5a8a4dbaaaa9ec2d315e296a756f1d8ac2d7b40e85892c839916f3834ba86bdd55dc7ec4a6c50ff347c688eded5391e643c11258edda2d068a552cda052c9ecb3b646c09a2d9d6caef630ac2469af696c00353905e7c4fdb0f61f887dd808d22fbc3cd6ae6a2f6e8755d67672cdc3cb79fee36d44f668e729161cfb53f8531c44f612a985cf9c9874937a6d69c9ba6834384046a3039152fcd60a0ce2f8ad40e0244281d1ca6253311ee1da03620bcab7f958b4be85bc342b2579893b6d4fd4d7b12d0545d8478cdaf180c43db156a4e4eb25f55cfec0323efeb6095d883de0a1204376714b68162546f39e9bddb143270d2cb6e77521ee554fdd5ce9b59516cc5554b349355b8aa4aed990f1f4d13876658677e2926116994a88883d38a84e1134b486f86a691391709441858938ede6dfe47b7bbac23cfed646ae7b7c356bb77a77ec0aaa6f3fd4af870b93159dabc21f33435bb7c754138aa2999d898d52d7ee241ab98770a84b00745e7e09f68c1c9377fd9a611ddbca0ba3beae2c438bc6a5388e9f6a0343713ab3d18d4bb47038ed41dbe13c6799b6e7d15a19e3c88163d3b9fab4320e18978dd9a4fe265ed93024f35634f2c0ab1bf9f4bb462291ed0ffb13ee9a54c18c51e958cc0a5f2c6b261431baf33e3831b298eb43efe370586a0c4d7b444622bd3c1665fb582633a684c4c6d4d2d195eea163d6782b37eac98f3e4cdcd68ea367daead1fb705f72b5523e69d8d5d2effb5b87b49aaeb39fca3cd3207ab4cdf5fd51b03b73ef24a01ba4a55839f9c07c2e396100838adc7b7cdef69e58b395f55e9e9c55c1bf3fada4b12584cda63269581a2b3777d2d1b5fd3415433220dfc5170fcfc0e53073c8957358ba7e7709280a23f46d3c1c78910ce1ef32a5675cd8ffcb45afb5df7bbb4cbdf6e6bd175b888b6b1c3dc15d1f7fc639156ba42533675db4bd35cbae054795e9f5ac577369ea4187948c640bd9a9363afddacf9be748703b4d24bb2db4b48759b2be8dcf97345259e7232bc54a7ab2ad4f87daf705ba6e5051ddc9fdaf6ee0e667d6f0e1fc3abc7e9dd28204fe7ed108fef28721acaee8a0bcaaeb07e226384c1c373d0f09fcfbd36d34efb273a8a0d468e496d02c8a656b543813ee758d1cff4cfbbf9fd5721e7c622f473fe288a317a83ce170901484eb6b9fc7dbb1ff42532937d94ea44e49ddb9c696e0769978f1a6098ce89fcc85f72ee5d3850d3ffaa586e4ffce18c4698714f0f69c6a9efba8929ac62000f9d90ea68c48e3f869b9ec3f269b14b775af6b6f29251e6f982f9734f1d1825ae6ad6ea5b2ce8f21c16c5138f788222e3f79203969761e7875034fbebb95e6b6d00fcfaf0818989f8049156ca8f2a2edb4865c90227ddc1b7c85fdf4cd28c9e9af9a32322f969188a7e4832ff7fa378a933a8e5e63659e0b5b56de603d187842414e9b6b1ac86db6e3764e6c09c989663ebe7f3a6306a670eacd0b99f5554d8c1452929b6ee783fba6336a400ae188c686ca4eee787e1db3bea9431a127489cb656260612223fa273365582ad346659095e6c46e557badc5a59484c23a8d6d0116ac6a61deea56566c6a677d65177e9f86500526b3425493b81c26debd6b0a078ecba6bccac361977d45735794718353585ade81fffbce26df1359d9b9864e967e6e08bdc7e1d155288237d5c4e42bf480af61f0ca2dfbe4fbc4491d479fb0f5f8c331fcde09bab7eb65a3b3bd64aea96cd7c406c60c482233d9cadcd56df8025a4cf2a4e4f6f38670e3b923a86ef0f2c0ab1bb8ee8ca184a23a33affe86adb53e06f67352d51cc2e78d207589c5a6929b61272fc34961b693c22c07e9c9368ab3ece4643870da2d984d6aec003bcd20108cd0d416604b4388968e20db9a825435f8a96ef253db1c241cd4b7079d04c34b12397366311693c20d4fadc1eb8f72c4e42c5ebc653fdc2e33cfbcb799b4242b1307a772d28df3f96e6d77051c0ac9d2c70da1f798a9ad465194770d4dbb18211a86acabde67dfc61417cf38fa82f4e34f63eeefcf5c34e477c75d16aee2b1699de545b785dee20edbb1542a193bf8d8cb3676fcb8edb33dc85496efe4e4030b0078fea32d6cacf262b3aa24baccb89d66469424f0ef5b26d3eed358bcae950fe6d7f1ddfa762aeb0354d60598b7a2e57beee0b2a938ec26cc2635d6349458bf344d370886347c011da9ff98fda5a8022904c3062472fcfef918ba414b7b808b4f184038a2f3fa17db98bfaa8dcf9734f3ea675bb9e4c4322e3c7e008dad7efef6c23acaabbb6beb2c28349af953e8130ed4d66149cf5861c92fbac908851a8adef8609f7e9bf87e741c7d42c2efcf64eab3cfb0f895773eb116145f80d5b67c72b482fb83af3041dbbca36829e267db414208ce3bba84018549543778f9605e3d67cc2c2639d1cab7ab5b28dfd6c5211373195894ccc801c99c35b39837ee9cc2315373628c55c58f7f84c01732686e0fd3d81a2410d630744920acd3d21121189164a5db99323285dc4c1b579d3e90976e9dc801a3d3195796c2cde70ee39293cad858e367f1ba56dc09564e3db8009345211235b8ef954dacd9e201605b838fd7666f8b45c0777964b142a9d1c85dc1d738545b83026faaee9493f35f78636dfa09bfdbe7df264eea38fa8cc473ffc8c9807ff5f2cf8d70e80c69327f33c468e0afa1591c165db97d6b6527dacc900c2e7471ccf4d819e1ff7c3f66d61e3629074d3778eea3adf8021a9386c53aa6fcfbe3ad4cbff80bae7868392b36edfac40ba7c3c4ede70fe59bc70e64fe5307f1d5230770e5c9251466d979e3f6c9bc76c7544afb2572d8c41c4e3bb498b16529cc59d1c2b6063f99a976b2d31c3cffe11634dde0b8fdf31990176bec50d5e8e79e7fafc71f8c32aa2c8de367e4613209664ece66d2d0d45f18258203b5b5dc13789511462d86627a534a794570f3c6cd42085ca79c1627751cbf7d0c59574dc2b031eb6dfd8ace9376e7eb0546ab7e6b68161786bf2041067720b65004e71e554cff7e6e365577f2ee37f59c794409a96e2b5f2d69e093ef1a19529cc8c8d2586964458d97f5555e5efab88a0d55de5dec754b8ede2f9b3f9d368834b795a5eb9a195c94c435bf1f42419603b7cb4256ba13b7d3ccb6463f00f9594eea5a43acaf8c1db0307e702a9f2e6a62fdd64e72d21d1c3d2567bbcf2c98f54d2d1f2fa8c56256b9e1aca1bcfad749bc74eb64ce3db2088b39768d8d287f887cc3adc1590c920d614c96fbacd97997d9f28bf7a90f1d27751cfb04f9afbd4bb8be663370917024dc9e48c87351f84b6e0bbd457fa3f147621b92c1052e8e99d66fbb16ae6440be2ba6a53583e73edc4a477b8823f7cb2537c38994926b7e3f98d90f4e67d2f0d4dd6e870fef9f84cd6aa2b2b693fb5f29a7a93d4452a20d5555a96f0da22a82826c27fe60ecdcb551fddd38ac2a8bd7b70170d8a46cac168577e6540170d6cc62f233ec20258180c65d2fae675b838ffcec040e9e90c3636f6de2ce173610d120cbf07073f05dae087d461afe76919872b362b5de1a696d6e2af9f49b5ff55bc4036571ec350c5a51c1ba21f91daad375a7b0da362a91c8df0e8fae292ed59b78dc7a105f988712112610826d0d3e72339c9c725001894e33c90916bef8ae962f973661b69b983434667abff74d358bd6b672d8c4ec6e6b8d94ed17a8aa82c71fe58937d6d1198675555db476c4f6beaffdfd60ace6982e2bcc49202dc9c2d7cb1af0740da4383781410509bcfc7935e71c3d80d2fc44f61b9e86c7d7c098814954d6f979fa9d4dcc9c9cc31d2face7cb252de89ace646333578467334caf4528ca262cd6eba2ed2d1f08d5a4ff9a1afa7bc433cae2d8ab78bca5938b92ec86292979bd305be64929f353f5cea2c95a85526c34c7fa9d79ccbcbfa081959bda18de3f89d4241b2bcadbf8f3a3abd852eba3b45f0257ff6e106e9799bf3db78ec7dfdeccac79f56c6b0cec3a2155c201a3d3993a2a93564f887f7e58c9ec45cd2c5dd78ed71f65c2d054f61b9181aa0896ac6b2123d986dd6662d6d7b5acd8dcc9e113b329cc49a0a92dc85b5fd731b43891d165a98c287173ea81fdb8e0b852aaeb3b79eafd2adefeba8e359bbbc8303ab828f22597873fa748b685d5c4a48f15a7eb42df9ab5f3cc29c9c67f82d071f33b8e7de663e79d7e81ac5db06ab96a779eae24a7dfec32194d474597f368e0792e887c85d2d9c65b5fd571f475f3997cfee71c77fd7c566ef280101c3d2587826c17f52d0196577400d0e5d788eabbb1bd2544a3db7b90290293aa9095ee203fd785c56a626b9d0f9074f9a2dcf9fc3a36d77871dacde4a5dbf1fba2acdaec01e0900939b85d66fef5c156da3bc3f4cb72118c48ae7c6819ef2e6c261036303c6d9ca5cde5e9c0bf383b329f6435bc0d67c2c5968cec3356cc5db666e863cfcbff14a1e3e6771cfb0c8ef3cf07a0b6a8b4c35132f0de96d9ef7d6208e5da02bdf3b8cbc29fd90ed6d6f2aa65125f740da1daeb88f9dc025455509a9780614892122cdc72ce105efab492cf96b610eee6d48bc80fff2e484fb2f2e0956328ca7672f13d8b58bbb91d4f57984497194555a96b0d320ac84eb3832159b0aa99738f2a213fdb49ff5c174b3676f0c02beb58b9b993f96bdae9ec8a908297b3b5151c1b594e89d18459153ec364fe97e2703c99386c4c79a4bdc53805e0ecb3ffa3731f27751cfb14792fbd09a0d59c79f24a29e585810d6b5e56b4e8b543f586c93707df359daa7ec727e6e17c6c1a49b3484437546e7f613d1f7d5bcf31537339787c36592956166de8a0b923b2db1cc8765f2c0066362bd82c0ab96976f2b39cd8ad2696947b68ee08539a9f486aa285ea9f44c05115e6ac6861feaa6682619d4e7f9450d8e0ef2f5580ae934617676babb693b919b322c386e00be14a7cd09957b8d0884682d94f3fff9b99f338a9e3f855d0efc537583724bfcbb3aefaa3eca30f5aa2fb7d8759bb3a2f1d16ac1d3a28546f3f5159c232b590772c63d9d498c9fb0d013efab6897e1976ec16416be7ee098d804dd59d74748628cc4ee0becb469197e9a0b93dc8d6063fde8046537b8801056e72d36c6ca9f5b2adc147201041350b1ada429c7acbb7788306a19086538429d45a99195dc90c6d3d79460766743f4ed74a3531e91f22149aed9e7e5057dbbbaff39f34b577311571c4f1ebc2f7f6db38a7ce105bce3a264df778c623b84cfaba2662e8891eeca2464965b5da8f0f4d23a95032f063432a267edccfdab96f6d36092e3aa6983f1e5b4a52829586d6000fbcba81b7e6d4218163a66493e834b3704d2b0ded615c0e339d3e8d40484745c76104c997ed1cacad63acb69562a399248252519436253179a11ef03d62c92b5856fceac71eff47b3a4ebe4537f93f31b27751cff3184df7d9f9b8f3d9acb2e3ad71d58bf6a8010e204bdb3e328a2e17c244e8fb08b5a25852a259d85a65256abfd68132e02c24a14d3f69321c5cfa2658a8014b7159b55c51788d2d915458aeda26ec4d23a8500b38892600449c7c760a38ec9da660a8d16728d0edc3228150c1f264bb9b03b6709abf563e7a0e19b739ffc973ffcd62cac271eff9b9ed738a9e3f84da0f9eacbb1e616a8cdefbd96aafbba4a15bbe32823e03b924838474823318c49ed12765a858b0ee1a44149c2276c2c538b68535cf8b1e211b14683524ae476e11642902403b808619351266a5b489041728d76b2642729d28f4b86b1083d2a85f0a09aab305bde3122e1b92657e286e4e9877aa26dcd46ce53cffdd7cc659cd471fce6d074f985d8720bd4962f3e48d13c9e3c69e803841007118d8cc6d0d385349240d891862924cce82884301110d61d0b2c84c021c3d8d01048ec328a104450d4b094b25d0aa541d86cf3a56ecc1326f31693db5d9f38625ca7d6e931727e43c1af38a9e3f89fc293c06127cc34eb3e9f5bebea4835c2a13c35c15da4793a52add9b993a36d2d430cbf575754d5acb812fa2131c5ca2f8566f8ba6a0c5d8f9a92538562772c8c3437ad575d09758ad5da20a3d15a14a5d93168a82f58b1512bfd6ad1ffc47cfd3ff2b26061485467fa0000007c74455874636f6d6d656e740046696c6520736f757263653a20687474703a2f2f636f6d6d6f6e732e77696b696d656469612e6f72672f77696b692f46696c653a41736f63696163692543332542336e5f4e6163696f6e616c5f64655f4625433325424174626f6c5f50726f666573696f6e616c5f64655f4368696c652e706e67f580f9fb0000002574455874646174653a63726561746500323031352d30342d31325432313a33313a32392b30303a303045fb19740000002574455874646174653a6d6f6469667900323031352d30342d31325432313a33313a32392b30303a303034a6a1c80000004674455874736f66747761726500496d6167654d616769636b20362e362e392d3720323031342d30332d30362051313620687474703a2f2f7777772e696d6167656d616769636b2e6f726781d3b3c300000018744558745468756d623a3a446f63756d656e743a3a50616765730031a7ffbb2f00000018744558745468756d623a3a496d6167653a3a6865696768740034313821c7d37800000017744558745468756d623a3a496d6167653a3a576964746800393739d4ee84b600000019744558745468756d623a3a4d696d657479706500696d6167652f706e673fb2564e00000017744558745468756d623a3a4d54696d6500313432383837343238393ea3311700000013744558745468756d623a3a53697a650034382e324b4242860faff800000033744558745468756d623a3a5552490066696c653a2f2f2f746d702f6c6f63616c636f70795f3565356430666566626134352d312e706e672dfa34a20000000049454e44ae426082),
(2, 1, 'Asociación Nacional de Fútbol Amateur de Chile', '1951-12-20', 'Sazié 2345, Santiago', 1, 0x41736f6369616369c3b36e5f4e6163696f6e616c5f64655f46c3ba74626f6c5f416d61746575722e706e67);

-- --------------------------------------------------------

--
-- Estructura de tabla para la tabla `ciudades`
--

CREATE TABLE `ciudades` (
  `idCiudad` int(11) NOT NULL COMMENT '	',
  `nombreCiudad` varchar(45) NOT NULL,
  `idPais` int(11) NOT NULL
) ENGINE=InnoDB DEFAULT CHARSET=utf8;

--
-- Volcado de datos para la tabla `ciudades`
--

INSERT INTO `ciudades` (`idCiudad`, `nombreCiudad`, `idPais`) VALUES
(1, 'Talcahuano', 1),
(2, 'Talca', 1),
(3, 'Santiago', 1),
(4, 'Linares', 1),
(6, 'Valparaíso', 1),
(7, 'Curicó', 1),
(9, 'Viña del Mar', 1),
(10, 'Concepción', 1),
(11, 'El Cobre', 1),
(12, 'La serena', 1),
(13, 'Antofagasta', 1),
(14, 'Iquique', 1),
(15, 'Calera', 1),
(16, 'Coquimbp', 1),
(17, 'Talcahuano', 1),
(18, 'Rancagua', 1);

-- --------------------------------------------------------

--
-- Estructura de tabla para la tabla `clubes`
--

CREATE TABLE `clubes` (
  `idClub` int(11) NOT NULL,
  `nombreClub` varchar(45) DEFAULT NULL,
  `imagenClub` longblob DEFAULT NULL,
  `fundacionClub` date NOT NULL,
  `sedeClub` varchar(45) DEFAULT NULL,
  `idCiudad` int(11) NOT NULL,
  `idPais` int(11) NOT NULL,
  `correoClub` varchar(45) DEFAULT NULL,
  `telefonoClub` int(20) DEFAULT NULL,
  `idAsociacion` int(11) NOT NULL,
  `idDirectorTecnico` int(11) NOT NULL,
  `idEstadio` int(11) DEFAULT NULL,
  `idTorneo` int(11) DEFAULT NULL,
  `leido` int(11) NOT NULL DEFAULT 0
) ENGINE=InnoDB DEFAULT CHARSET=utf8;

--
-- Volcado de datos para la tabla `clubes`
--

INSERT INTO `clubes` (`idClub`, `nombreClub`, `imagenClub`, `fundacionClub`, `sedeClub`, `idCiudad`, `idPais`, `correoClub`, `telefonoClub`, `idAsociacion`, `idDirectorTecnico`, `idEstadio`, `idTorneo`, `leido`) VALUES
(1, 'Club Deportivo Huachipato', 0x313534303737363539376875616368697061746f66632e706e67, '1947-06-07', 'Av. Desiderio García 909', 1, 1, 'info@huachipatofc.cl', NULL, 1, 1, 2, 1, 1),
(2, 'Club Social de Deportes Rangers', 0x3135343037373636323572616e676572732e706e67, '1902-11-02', '1 Norte #841, Block 2 C1', 2, 1, 'info@rojinegrosadp.cl', NULL, 1, 2, 1, 4, 1),
(7, 'Club de Deportes Linares', 0x313534303735383034316465706f727465736c696e61726573, '1955-11-19', 'Maipú 1120', 4, 1, 'info@deporteslinares.cl', NULL, 2, 3, 4, 3, 1),
(12, 'Colo Colo', 0x31353430373735333739436f6c6f2d436f6c6f2e706e67, '2020-01-04', 'macul 5300', 3, 1, 'fecafeca', 98395050, 2, 3, 3, NULL, 1),
(13, 'Club Universidad de Chile', 0x3135343037373538343431363070782d456d626c656d615f64656c5f436c75625f556e6976657273696461645f64655f4368696c652e706e67, '1927-05-24', 'Av. Grecia 2001 Ñuñoa', 3, 1, NULL, NULL, 1, 6, 5, 1, 1),
(14, 'Agentes Libres', 0x313534333037303730316167656e7465736c69627265732e706e67, '0001-01-01', NULL, 2, 1, NULL, NULL, 1, 3, NULL, 0, 0),
(41, 'Curico Unido', 0x343138332e706e67, '2019-12-30', 'Curicó, La Granja', 6, 1, 'curi_unido@gmail.com', 0, 2, 6, 2, 2, 0),
(44, 'Everton Viña', 0x343138322e706e67, '1909-06-09', 'Sausalito', 6, 1, 'everton@evertonsa.com', 789456123, 1, 3, 1, 1, 1),
(45, 'Universidad de Concepción', 0x333933312e706e67, '1994-05-04', 'Concepcion', 10, 1, 'udec@udec.cl', 78945612, 1, 3, 7, 1, 1),
(46, 'Cobresal', 0x343135392e706e67, '1979-05-04', 'El Cobre', 11, 1, 'cobresal@mail.com', NULL, 1, 2, 8, 1, 1),
(47, 'Universidad Católica', 0x343135372e706e67, '1937-10-04', 'San Carlos de Apoquindo', 3, 1, 'cruzados@mail.com', NULL, 1, 3, 9, 1, 1),
(48, 'Union Española', 0x343136332e706e67, '1897-05-04', 'Santa Laura-Universidad SEK', 3, 1, 'uespañola@mail.com', 12547869, 1, 4, 10, 1, 1),
(49, 'Deportes La Serena', 0x333932312e706e67, '1955-09-04', 'La Portada', 12, 1, 'laserana@mail.com', 7874554, 1, 2, 11, 1, 1),
(50, 'Antofagasta', 0x333931392e706e67, '1966-02-12', 'Regional Calvo y Bascuñán', 13, 1, 'ANTOFA@mail.com', 87452136, 1, 3, 13, 1, 1),
(51, 'Deportes Iquique', 0x333932372e706e67, '1978-06-05', 'Tierra de Campeones', 14, 1, 'iquique@mail.com', 20214587, 1, 2, 15, 1, 1),
(52, 'O´Higgins', 0x343135382e706e67, '1955-12-23', 'El Teniente', 18, 1, 'ohiohi@mail.com', 21458778, 1, 1, 16, 1, 1),
(53, 'Union la Calera', 0x333933302e706e67, '1954-10-25', 'Municipal Nicolás Chahuán Nazar', 15, 1, 'calera@mail.com', NULL, 1, 4, 17, 1, 1),
(54, 'Coquimbo Unido', 0x343137382e706e67, '1957-02-05', 'Francisco Sánchez Rumoroso', 16, 1, 'coquimbo@mail.com', NULL, 1, 3, 18, 1, 1),
(55, 'Santiago Wanderers', 0x343135342e706e67, '1892-02-05', 'Elias Figueroa Brander', 6, 1, 'wanderers@mail.com', 12548763, 1, 1, 19, 1, 1),
(56, 'Palestino', 0x343136322e706e67, '1920-04-05', 'Municipal de La Cisterna', 3, 1, 'palestino@mail.com', NULL, 1, 3, 20, 1, 1),
(57, 'Audax Italiano', 0x343135362e706e67, '1910-05-04', 'Bicentenario De La Florida', 3, 1, 'audax@mail.com', NULL, 1, 2, 21, 1, 1);

-- --------------------------------------------------------

--
-- Estructura de tabla para la tabla `confederaciones`
--

CREATE TABLE `confederaciones` (
  `idConfederacion` int(11) NOT NULL,
  `idContinente` int(11) NOT NULL,
  `nombreConfederacion` varchar(70) NOT NULL,
  `fundacionConfederacion` date NOT NULL,
  `sedeConfederacion` varchar(45) DEFAULT NULL,
  `idPais` int(11) NOT NULL,
  `imagenConfederacion` longblob DEFAULT NULL
) ENGINE=InnoDB DEFAULT CHARSET=utf8;

--
-- Volcado de datos para la tabla `confederaciones`
--

INSERT INTO `confederaciones` (`idConfederacion`, `idContinente`, `nombreConfederacion`, `fundacionConfederacion`, `sedeConfederacion`, `idPais`, `imagenConfederacion`) VALUES
(1, 1, 'Confederación Sudamericana de Fútbol', '1916-07-09', 'Luque, Gran Asunción', 2, NULL),
(2, 2, 'Unión de Asociaciones Europeas de Fútbol', '1954-06-15', 'Nyon', 9, 0x556566615f323031332e706e67);

-- --------------------------------------------------------

--
-- Estructura de tabla para la tabla `continentes`
--

CREATE TABLE `continentes` (
  `idContinente` int(11) NOT NULL,
  `nombreContinente` varchar(20) NOT NULL
) ENGINE=InnoDB DEFAULT CHARSET=utf8;

--
-- Volcado de datos para la tabla `continentes`
--

INSERT INTO `continentes` (`idContinente`, `nombreContinente`) VALUES
(1, 'Sudamérica'),
(2, 'Europa');

-- --------------------------------------------------------

--
-- Estructura de tabla para la tabla `directorestecnicos`
--

CREATE TABLE `directorestecnicos` (
  `idDirectorTecnico` int(11) NOT NULL,
  `nombreDirectorTecnico` varchar(45) NOT NULL,
  `apellidosDirectorTecnico` varchar(45) NOT NULL,
  `nacimientoDirectorTecnico` date DEFAULT NULL,
  `edadDirectorTecnico` int(11) DEFAULT NULL,
  `idPais` int(11) NOT NULL,
  `imagenDirectorTecnico` longblob DEFAULT NULL
) ENGINE=InnoDB DEFAULT CHARSET=utf8;

--
-- Volcado de datos para la tabla `directorestecnicos`
--

INSERT INTO `directorestecnicos` (`idDirectorTecnico`, `nombreDirectorTecnico`, `apellidosDirectorTecnico`, `nacimientoDirectorTecnico`, `edadDirectorTecnico`, `idPais`, `imagenDirectorTecnico`) VALUES
(1, 'Nicolás', 'Larcamón', '1984-08-11', 34, 2, 0xffd8ffe000104a46494600010101006000600000ffdb004300100b0c0e0c0a100e0d0e1211101318281a181616183123251d283a333d3c3933383740485c4e404457453738506d51575f626768673e4d71797064785c656763ffdb0043011112121815182f1a1a2f634238426363636363636363636363636363636363636363636363636363636363636363636363636363636363636363636363636363ffc00011080181029403012200021101031101ffc4001b00000203010101000000000000000000000203000104050607ffc4003c100002020103020502040502050403010000010211030412213141051322516132710642819114233352a1b1c115246272d13443f0f1253592e1ffc400190101010101010100000000000000000000000102030405ffc400221101010101000301010002030100000000000111020312213141042213335161ffda000c03010002110311003f00e7c1f43440cd0668833e9d78e34c06d09831eb939d55559741245d1950a2d05b4ada15765109dc98a252a1919fc892ec962b4a9f053908522ecce28a5213356130599c19e50e4070a35514e3666c6a33a8fc0c8c466c2d44e1dcae9ca451a7121318f268c48e1f75d5ab12354119f11a6076e639da74460b4c34ceb8c68a8b0548b4c60b4595658165824b0089f604f3df89bc665822b43a49d649abc935f963f04537c7bc7f1e8e12d36964a79daf5497482ffc9e332ea32656e4e4da7ddf56ca9a4928f793b62e5cbe38ed445526df54049a8aa7dfdc293db0db1e5df5313cedc9a8faafb35651a2f75f34bbdb235174b77ec294fd4a0e372be150d9f9692a95a7edee517e94ea2ad95bdc6f8e176060dc7abb562a73f54b9a2072c9292b57d7a853c8bca4bdfab664f32a356d7fb84da943af3f3d0a1ab23e908f11e6fdc3591f17cb623170ad2a55fb84925ccad10313b5c5fd8d1873bc6bd2d2f732ad9c5361c52f728e8433c36747b8d52d662cfa678b2638b95f78dfea7256ee1c5ab5fe46f0da4ee3f3164577fc13c4ff0082cd8f14a7bb064e2a5d60cf670929414a2ee3ee7cd25a5cb05e763c8b2e38f59c7aafba3d6fe18f168ea717f0d95a8e58fd2efea08f44990aee408b21080444214042165010b2880594d16580b681da359548a85d16a21900148b61a06414a9301b0e4b901a029b17276c39216c2139be939d97ab3a59236998e78b90118e16d7074304385c09c58f937628d00cc700f6971f82da2296d02e21cb816e400b4429cb920478481a3189821f05c9eff6d79fd71a319a2267821f1250c410283465568945a251142e20b43194c0574205240b4545a6100592c0545345a2c98d6828b48ba2e8cd8aaa2d2b2d04b83975cb72a9446c01541c51cbd1bd68c6cd10951923686291b919b5b14c25232a986a669968dc5a908530e32229ca41290a4cbb01d6414997bd24dc9d452b6fd97b9149f11d763f0fd1cf3e4e6b88c57767cf736ab26ab5193539ab74ddb48dbf887c5df896a6b13fe441d417f77bb392f97b6f85d591a86dbdaa97aa7dc5e69ac51d8b97ee1c66a725b5524b8f84659e1cfa8c8de3c6e9709cb85f70abc12696f6d2f55245648af32558d2a769ff0070d7a39adb152a51f945bc7993e2705cf6ea5425c22a4f2ae25555ec0bc918452e13bec8d0e0dfd549fc0a9628b77c3fb80b535374ff00d019e37396e492ecd0e92515f4fec2d2e384ff00520adb08af55322c98d46b6f0471f771448429f4bf928bb74da85af816da93e2d7c0d5c3b4b945d27cb8d3eec815cc1f31e185bb6d71c0cb8f47d183b76ae171f250cc73ef1741cb896e5c297221439dd06ac6e3c8a55192dafb2229f832b8c5ab6bdebff06bd26a160d463cd06db84bb75fb981c76b97b158e74df3fa928faae9f2f9d82193fba298d4713f0af882d5f85c71c9af330bdad7c763b458cd1145a280b2108c0846522c0a2c8402824096808ca2d9404274215dc0229908c05c903431a2a8a15240388f710768421c38132c7c9b3695e5819f1e2344634828c28368014465d14c8a54fa089ca8d12467c91010e7c901945d900f2b188d8a0963a0d44efcf4c751701f11490d4768e54c412010688832c12c8d2328b65300594cb6095128ba220d2029103a26d228488ba2882cb2884c51261c58b4cb4cc5e5ad688c8333c65416f261a7dfc97b852985bac61a629723a1233219174435a54824c44641a9114eb38bf8a35b3c3a08e9b1712d43a94bda2ba9d7523cbfe2dc97acd363b7c41c895a8f3b91d372e9d90b4bd35de5d3ec372454f2af6456371f31f17eefe0cb4671870dcda5ee0e2c92cabb4b13e96fd423597370a749fc8bc38277bada7d3825b8d66b5d4b95193fd417294655b2a5ec8af2f32b1728b69ee4ff004913d97d572cca2aea805960fdd0a9436be252fb4bff00232116b97fe5d8d4c13946f8dffa0b6eed79935f0e2684a2e3d52252fee68d6a632b5b5daa97c86a525cd4464947aa6bf542dab7d13fb0304e5dda26f87ba425abfee8fdc17c2f537434689375716a8a864dad5d3131e9e993fb0518b945dae840d75b9ca157dd1728aca934ea4b95f7f6022935ff00ce09cc254d73d9fb80fc7914945cbabe1a025078f257660377caf7b1d2fe64125d7aa03bbf83b53e5788cb0dd7991e2fdd1ef23d11f30f07cde5f8ae93245d5ce99f4dc7fd356225311088854421080421080421653405164a280b28858144a2d9405165100b4ac945a23e00aa2a896402a8b512cb40448a68290b60532996408171b17280f489288560943d44344a1c90a3caec2b69a1c409235c2745d1688caee7a63851a0d008341076594884696c16594c0165119454121885219101891745208ca85a05c4614c294584d03451132ecaa210112c121301a9721a9892d3260d3198d4d18e32a191999c35ad04999e3906c664c53548f2bf89db7e2119f7f2d25f63d3dda3cb7e2596fd6a4bac6148c75f8e9c7eb9124e5ba4bec82c78d794d2ba24d7978a3cd6eec3d38c71c6097adae7ec6371d246778f7b5f26fc3a67b52ebf25e0d3de454bb743a5830ec5b76baf7ff638f575df8e718d68d3ae3a7b91e8612eb1fb9d58e223c48c6d74c8f39a9f0e693d8dabecce6e5d364c6f88fea8f612c4a844b4917f94b3bb19bc4af26b1646bbfec13c32f767a39e91745d0464d1df635eecff00c6e049493e5b05fd5d527ee8eb64d1b4b85665c9a56bb706e74c5e2b252bf5169624fad7c972c6e362ddf737ae7619b31bfa674caa9424a5cb10fe06e1cf5c645ba3dc6a0a6f63f8ea98c838e48b4fff00a03228ca3e9970ba5888b7095201d0b526be46c5ed75eced09c8f853437eb6daee80d5e1f073f15d3c23f9b227fe4faa2e8be0f98f8046fc674a9be54cfa72ff002589565945a0cad94465016428b0ab45364b064ca2592c0720770c4d32c24c46e094862698d95606e26e0a6105a917b80626549d81b8a730a2b2262dcc1de4468b0948cfe605bf8286b901262de402590066e2f719bcce48b27c81a948272332c847940737c90cef2900e3388a944d2e22e5135c9596485b74c7ce222713d1cd71b05190c4cceb80e3234c9e8214a41c5914451653228182c36032a2d0c88a43220350685c43466aad94cb650551084089456d0917414aa20c68a712a0085d5140409300b260646636390cd65a746715b1643cd78ec93f11935d1452b3b8a7d0f33e3195bd6e4e7a34ce5dcf8e9c7eb2e67ba58e31ea6bd36179752ebf2a30e3b6949aef6777c230396394e954ba7b9e7e9e9e669fa5c3d7b3b3a78f16d5555ee563c3b5ab5c703d26ba535fe4e6ec5387c14f18d974e8576e42b3bc6e525ec4d89b1f4bd81693b08cf3c71f6172c2a8d1248a71b55dbdc0c53d3af63367d252ba3a924909c954f818af3f9f49d68c3974f2f63d0e5826ba19a78535d392cacde63ce64c5283e9c0b7c76b477b269d4b8711393c3a12e6ba1b9d395e1c78becd8dc31c6e55356fa2ec373e914395c192a4a5d7a23a4bae766344a124a506ba742e0dc640629d4ae56ecb975411d5f0592ff8de96574a53e4fa72b3e51e1f271d6e9a497d39237fb9f565d1574a4589444210acaca21082c842014c5c98726266e8d0194c539f20e490994cd48c5ad1bcb5332a986a45b12569de4dc2a2cb4cc56e18a41a62916e44531b05c81dc536047205c8853009488e62dca8094c064b20a96460390326c08f2322cac53b1729480d9e702f3fc9cf94e40f98c0def3fc90c1bfe4806e685ca23da02512c1967113389b25113281d274cd8c8e2551a25016e0749d316169b4838cc168aa2ea61ea45d88ba094ca8630594a45dd811071003401a6310b88688ab28853209642881465a0130930088559008d00d0c29950a6a8a18d02d00164b29a290077c1e63c4e5bfc472c1fee7a53cf78be3f2f5de657125671f2cf8e9e3fd223ce4518d3da972cf4fe1305fc3aa5c1e574d352cf8f1f172972cf71a5c5e4628c2bb1e4e9ebe0d4bd282fd0aba25d9cdd54eec190c7c2172f71801bf8024e8b6dd751527c85137c7d2c16d8697ff0062a6b9ebd408ec4ce03f8f61792b929ac99171542b6d8ec9f5500c815b39e84af80a5c036073fc4b1a49b48e24a9db3d07887ab1be0f3cf89ba3b70f3f73e8e2ee1f665ba791d3e3aa17175269f01a6f77d8db0e8f80a793c674917ca791707d52bf63e6bf84312c9e3da7525c46e4fe383e949963156405b25950444526590114d92c19140cd99f231b3e866c858cd2724b912d85316ce91ce8a32e474791308f2688225ab20a28b5d438ae09b4c5748a024c6301a4c8a18db19454172352e000da0ed1f48192445679445381a9a069019940278f8e83d45586e2a8230ca1f0267037ca2679c4a304e02dc4d59109602b6103201d2b40b03715b80b690b92413982dd942a485343e5c8a922ca613240319216d9b9d33605945b059b9d3362f716a60360d9b958b1a148645995486c6651a504854641a919513653259404b214400916982580415828b20b215658140b0816550b01a09f528a81a397e3b04b063cb5cc25cbf83af42b5ba7864d24a199a8c66a9598ef33eb7ccfaf2fa1c6e7e2ba74b9529aa3df4faf08f25e0da371f1dc18a5f93d5fa1eba6d45db748f0773ebd9c05a05b68cfa8d64526a151aeeccb8bc4af86e3d4c63a4ae96fb446d3ee6786a71cf8b0fcd8f34ccfe35faa9a6d3aa13f9bec31e5ec856ef571d3bd974c3e0ae3c8b942df7e3b1709ae5744064c894f72934a8698b937467c9256f92a59aed5f067c8edb6d8289f3ea03dfee4f3a0957085bcd08f17d4b8ceae6fe416c24f7729da09a54bdc62eb26aa3bb13e393cee68eccad5727aa9c372383e2ba7f27229d70cdf15cbb8c2b9b7ee5d34ee89d9705be76fcf53ab8bd37e0ac529789e4ce92db08533dd291e4bf04e0d9a6cf9e5ff00b8d28fe87a7dd46a314fdc1268cdbc253034265d89532f700eb05b17b8a7202e4d19e6d0721322a1724057231a29a35ace2406c45c2235225a4864591b2959191b53603654a42dc881b19723548ca9f23a0c076e06522260b029b05c88c100e320f7702d209be00a9c8cf91a0e72e0c9972500195f221c8bc99558a6ef928bb20164035b915bc16c06c81bbcade225207781a1cc17213bcadc14c90b922f792ec6a14ca6c63560346a74960182c2299d2749eaab0d300b4749d3161b198c8ccce9849951a94c24ccb198c8cc21c4014c2520a22145a20b415825d8165949900b60b2ca600328b7d4851171469cd1c5ac5e571ba97a4cc2f1619e4f1bc538b694636d9e5ff23f1ebff1a4bbaaf09d3a8f8deb276dac31504cd3abcb3b6a09fc8ed0e3507acc9d1e5cb7fe05658faa4dfbf53c9d74ef2399930e46d36dd18b551d4e2f5470a6fde20f8aebf51e63c5a74efa368c39b04b136b599b3649b8a94129529179da9d49171d6ea31ba69f0fa1af4fe2d2936aabee23c2bc3716b35334e1358e31b69cbb9a27e1d1d2cf626e6af852ea5eb139bf5d0d36af7b7bdf535c7229dd23069f42a5525c2fb9d5c3a58e285a56fdd9c7faeffcfac99b23824d755fe4cf9b56a51528be3d8d1aa8b726b6d2391aac7c36ad1b912d167d66c571772f6314fc4e4ed0a9c1cae95bf97c19b2e9e6b1acb16b6ca5b53f7674e6471ead6b5ac791d570377babfabec629e0cba56dbcb8323fed8cad9aa33f2f147266c12506ad4e3ca357e3129b8b3cad54a515ed46ec5a9dfc369331c32e0cb1fe5cd32f628bb335b9ae9e3927cb467f16d3acba19b4adc1595866ecd6da9e3719746a9999f2b57ec790fca9a5d506b1ce53515095b5c70685a6ff009d9607d232bfd0ef7a31e28ba56975a3adeb1cb9e35d8f06cf87068b0e9e3094762f537ddf73a9bd357ee789c9e26f1bdb8f1b7f2cf49e1d9e53d0e3949f25e3ada9e4e273363a3b8b53332c85c66afa9d1c1b62c2b3347220d4c07ee27515b834ec0b6b80360d5d00930a5b880d06d82c22e086a42e03911528098c62e60226c5498c975173454545f2688332a7c8e8c80d165360a7c12c8aa642e894055d1252e0193024dd00bcb230e697534e5662ccc04ca56ca52a064f9291436c82d3210741c5f204a0cd6e204a0118a5062e5066d94054a01591da25b1b288a92a6454b2d304801a65d0bb093b28a7105c46d13697509a2a86b894e366a54c2cbb2f6928dce93d50be48907b4dce99f50a9b4323316e340f435bacd8d51984a566453a19198c468b2d312a61a9580c4cbb02cb4c022992ca6053288cab02ecd5a64b64e7d1d55993b9a232dba395be1c8f3ff913fd5e8ff1effb1fa4f4e192bbf50528a92698518286d8ae945ce3d91e2c7b2feb33d1e05ea8e38eef7a39dadd1e2cb14a718bdbd2325c23af17cb45cf4f0c8bd7ca1f7f87cfeb838e18b4b170c52514faa8f706381e49394f1292ed6769e0c38b88c237f60365bbaa5d917e933f8cda7c71845461151f83753504c18e326793513327d6d97534f9a38da98ee9d23a7a9c9c5185f327469963969e1956d936aba50c9e9a3974de44a6f62e571dcd0b1f371ea36386335eccd4671c78f84ecc89cb2ad976e9726dc8e0e0f1c23c25c2aec6b969722fa649fdc54b0cd3e521eccfac71e7a092cdbb1fdcdb86339476ca2efe4d915b78ab636106fd4e912d6a42238765760f734839aec2272f622b0c5fff0096cd3ae14559b23b733db29d576260c119b9c92f54ba8886278f23de9ee4f92d4e53598631ca9ae8d1ddf0f96dd0c17c9cacd07250b5dce9c2b1e28413e88e9e39f58f3df98d5bd937b4c42c8bb85bd1db1e4698e46d8f84db3142687c322f718bad91763e3d0c98e68d11c8310e4b8024129f004a6450d14ca73a077580c80d4678c86a9f045305ccbde2e53005ae409d517290a94ca06b9191a10e5c84a7c04694cbb32f98179815a94902e48479853c840d93404a4a84cb22172cbc0132c8c595db6332e5334e7c97003ea429c8adc5c4d1a203b883077da05a1853440994454a269685ca20649c044e3c9b65113381158daa64ea32711754c8a9444122e8088204b021545b28a8944d85a6312b1aa5a804a231442501ec614e3c0a944d9b05ca06e7697963681b68d12c7f02e503af3db9de43198d8e410e345728dec631b2330d331c66c6c72151a2c8d8bde16e22a365365365594159b34905970b8cb94d986cd7e1f936ca49bec72f34de5dbc373a3f4ce4a538b77b5d1a24ad19f0cb766c9fb8edd4cf9db8f7605c52e7a8329b8c5bfd82949b5c7085d597570a4e4ddbfb8c5cbe4b4b8172c8a12e497e2c8d0924accba895dfb0cd3ca53c2f235c761197a9a9f84fd73f3db9f22124ed59af342cc3a95384ae2b82062743a0eb9be0cb825e645335c57a69041c649f16cb945497d80aa7c02d3bb4d83136a09a4a1c0117527d7f62a726d10c0e47f1c99a7cb1b276df22734aa0dbea5897f07a7c8945f3dc3cd2529dd72c4628c9a8c63fab364a118463b2373eeca416db946fb06e4ec5e3ba7293b64be3a9ebf173febaf279faff006c1b993ccf916d83674bcb8eb44723f71d8f2fc98536bb8c8cebb8f535d3c79be4d10cc726193e47c72fc93d4d7516629e5f930433584f27c92f26b5bc8579864f32c253338d34ac81f9a63f308f28c35b7cd02594c7e714f2fc8c35a9e4172999fcd0659461a6cb215e75233b98a9ccd489ad7e772179c73b7bb0d65e07a9adde682f2fc98fcd05e5262eb54b28b966e0ccf200e4d967269b3c962dc80b217d5345b8adc09563d4d1ee20bb20c35eac84a21c9a50324194026511528f06992152890649c44ca346c9c444e214841229aa644455b45160b0236510a604e8c742420b8be48ad91686a56668487c1914cda54a0322f80946c0c73c62a5037ca02a58cd4e92c609405ca26d9e313381d39ed9bcb2b444da1b288b68eb3b73bcae330d4ec49574749759c69522eccca74314ca86d858e6e334d26ccd973ac38dce4ae8e1eb3c5750a54a7b576a33d499f579b7763d9e9f24679e4d74da39ba936799fc29a99e5c9a8df26dfc9e922efb1f33c924b91f478eb66adf245cdb2e89d385d4e6e85cf8fb19e694b2c60dd26f9668cbd1212b13a727cbf62ac363acc1bbca538f1d229f22336a23bdf0be0e7e7d362c597ce9618b9277baf9fd0467c8e7386c728ca5d1be8c4d2e1ba9d4c62ea4e85c3530cab6cda9c7fb53e4e56b31cf7b599f0fb260e9a1870caf1c25bfe1f06f3facefd74b4ebcbcd382fa6f83a114f6da3268f03b7397566e8c6894035cfc8127d3b0d92e044dfc11a0bbe79e007ca249f4027d1a4111ff00932eab9497b9a23697a8cf9639653bc7094f6f2e8df335cfaa2c4e705cbea6dc72f4d57a998b13c995a8c314f77bb5547470e078a1cbb93ea75e3c77aacf7e49cc5744902c64900d1ed933e3c16efd0b28ba25171024dac3a257c050a6d04a6c9b49401c3231aa6d8882e474519b160d4825201208e6ab94c1dcd94fa8490156ca7209a0651e005b9305c984d502ca2b7305b2caa2c45328268168b4536c16d84d02d195559565b4448b05102da4da54014c3da4da02c81ed2155ea48421e66d0a2ca08a680921854905679215289a2485491159a710287ca22dae48a0a2a86512881545388c68aab414aa250c712a882f1b344199e2a98f83034418d8b11163a214cab40b8848b606794044e06c685ca20609c054a26e9c04ca06a7498c6e20389aa5017287c1d39ed9bcb3325873a872d8879e2b24a29374adfc1da74e7791e54b2629425d19e7f531aebd6e8d9935d9e3a98c22e3b5ba768cfab5ba593e1d9adf689995b3f0c6471d76484aa9c7a9eaf0646eeda7cf14782f0ed47f0fafc529bf4dd3fb1ec30674a6a50a92975aec7cff00373f5ecf15f8eabb6b8257a7906134e29daa0a52496eba48e0efa5cfddb48cfa9d5e3c504d493b15abd5afaaad2fa78e6ce5a53d465e7d5f1d91b8cdabd56a37ee6e4dbeb4bb18759a8f4e3d927c74b3a5ff000e72dde66458d35d40d478769b3e9d6184dac8ba4fdcbb0f5b5ca9667383e39bba0316578e76df167470f87e1d329bd4e5df95f0a30edf732cf45cdc2571ebf26b59bcd6fd2eafa291d084e338f0fa7b1e73f998934fef669d3eae5ba37c7fb92cd2758ecb6eb9113b5d7fd08b347246e3c0327ffc663f1d252df549b2a5f724a5cbb5c0b94ba94b43293e3b726cf0f550c93be5ba306fa935c33a7a2496961f3c9e8f04ff006d79bcd7e1fcfb82d16467ade40340b41b28d05b896a21100ada5ed2c9640344a2ca6c0b8ae46242e3d46264aa2212c966152b92c16c9664114f9288d852e4030a4c02a2884b21a4460b2d94502ca6582ccaa8b451116208808451084201442100f4c510879dd10842010842001242a4874806804342e51e4d0d0124452b691a0eb825114a68aa1b45500b710768ea2a88695b464512828914c88d88a88d880c41031080160c8260b0a0921728d8d681af62290e064d6e55a6c57b774df48fb8cf10d7e3d2c5c63eacaff647130e796594f53924da5e98a7efee75e38bfb58eba4d4e79e184a737bb2b57f11021194349172954b2faa4cc9aec8e58327b9b5c964d1e39c57e5477c7371b3cfcad46edd7ea5d4d1924a599f3e9919b5f8da7bb8e40865b8c5fb179f9f13a5648b526acee784ebe19302c735eb8f147233ab4b2257685e1caf4ba98e48ba4f8672f2f3b1bf1f595eeb4d9e9a52a75d68db925bb12ec79fd26a552c98da6a4b96cea3cebc957dd743c3d4c7b39bae76ab51e54e4f2dd2e8c1c7af8471a58f1c9b977da6c86916796e9d52e5266c78e318d6d8d2ec4d6f99f5cbc8f52e2dbc12b7cf2ccd0cd971dacb8a5049755c9db93828be7f4664cb974ea4a2f2477d59665748e365cade57e99c95f5da52cae9fa671f968e83cd89cb6c651fb58191ee55b955f437f12e39ff00c662e9322962934d35f0699e185dd26fec2a5a6527ecfe06b8d87e09c9b693e07e4935cae866c31d9249be9dc9a8c9ed64fd497053ca9099cf8693173949c79404a5e8937c51642d13c8dc54570dbabf63d0e3518e38c60d38c5526bb9e33539f6bd89f3dc6e97c4736092db3697b1e9f16479bc9f5ebfb1472f4de370924b511db7f991d2c738658eec72525f07a2595c71745308a2a0484650165590a02594d919414517c8c4263f50d466a988852219032656e264e82ec06ee2a52e05ee29b023655944b02c8510a2c165941140b2d824553222e8891510b21651442caa0210a201e948421e77442108042c8402980d06c944a14e20b88fdb6470e0c5e9719b694d0f711724274b853282900d9a459442010b451113174d88c8898b191614e8862e2c3ec414c16130580273fc575bfc2e350c74f24baffd287ebb571d363abfe64970bd8f359b5176df2df5bee74e38dfa9d75846af3bccf6dbe786fdcbe30e3d95e85ec2a4e327e625f0366daf9f73d398e4c9aa7789f3c3ee1f846a6f13c327cae82f50aadaefd8c109cb1645922fa3e4cdfd59f8ea6b30dda7d59caa7093476e125aad3c5a7ea6fd460d5e05293dbc574017a79ee4f1bfd01942ee32fd04a6f1cd3ee8d13f5c54e3d5f52cfb312fc37c3f53b24b14fb33bbe6b842eed2f7ea799c90b4b243aa3a1a2d74658f64af7ae8afa1e5f2f18efe3edea74f913c69c6d37d98c94a4daaea73341912a94a76df2dbee74a338d26dadad5aaea796c7ab9e99f3a938f2ce26af1a8bbefec7a3f331b4938db7d1b32ea7062c97ba29baedd873316fd79bc6fd7dbaf074611b49ee193d1e2828d45573f741710a55d15af93a58c4f81e62ad80e4ff71d27195272e7afe82b745ee4670b413952f6666c9272ab179f23dc973b901295e36aff006378c68de4ed64bf3271c7cf4b93f64669646a492e5f446ad92d3e932e493f5c9752a7eb99912c8dedea9f0c4a95369f50b14b9ff25ea217ea47a73e6b86fd1c66e92be86bd36b72e09a709b8fc1cc8cb8e781b097b89d163d3e9fc63d379e29c7fb9753a58b2e3cf0df8a4a4be0f1d8f238c2afabe4d5a7d5cf0b53c72a7dfe4e93a73b1ea68131693c4e19d2596a12f7ec6d66ff00595108428a28b281a8ba8d4297519133560d16510c28662bb8c9f4028228a659028085b040b22210a884214514ca2c8645512822d22c1545d16905400514d0745500ba2054428f4164b02cb4cf3ba0ec9609641764b2ac9dc28e21d0304352316ac52896e232312dc4e36b58cd28f0226b935e44679a35cd4acd315dc6e4148ed18a8d911459ac11957c9182dd73dbdc61a6c58d8b110b7dafe47453f6666c68e88cec2601e49c30c3764928a32a2316bb5d8f49169564cbda29f4fb98f57e371836b1d457bbeace2e4d6e39cdb50726fbb675e7c7fdacdebff07aad44f3e594f24b74dfb70a3f0639c6537c7a9bff0005cf3cdb518c147771c032795709523d13239feab33dbb60953b555dc39a975a74214a6f35ae5c570494f2a7d18d3159dee89cf8ab728b3737bbaae4c7960f1e5bfcb233561da3d44b0c92ec9f274724613c72cb169ffb1c8be537f4be18f8657814b1ca57192abf727e2fe8b5783dd53ab33619b849c25fa1d69c16a658f6f4db727fec73751824e4dc574e517ffb13ff00891494b6b7c315920e32dd1e1a19196f8fcaea83694a26acf68c6de6b57876b549283e27d12676f49aa8638bbe5f44fb1e4a71709ef8f546dd3ebdec5193dad7f83c7df8f1e9e3bd7a48678db6bd4baf3fec4fe22326e51e13e8713fe20a6a97655c031d5a515cfe873f5769dbab932b69b4eb9e444f2351934fb52899bf8b8be9cd311e7a71a5ddf2244bd35c73a504a4fa76ec2f2e58be60def461966714ea5d454f52b6b49f26bd58f63b267e6989f31b7515cfb2ee2e109649773a1a4d3283dcf97ee2fc27d16934bf9f2af5765ec743163865cbe564e6328d0a8a49818f2d78828fb2273f6b57e4712785e0d464c4fac65413570a1daf77e2195fbf517d8f5f33e3cbd7eb22fa9a65b8b8f4e51332a9d97095b673bfae93f0709db4bb8ddcd70bb0870e6e2c8a4d4a9f52ea56ed3cef893e0ea787f88ca170caef17697747094a921b19bfd0e92b363d746519c7741dc7dd057c1e7349acc9824b6cabdd1d8d3ebf166f4cbd12f9e8749d6b9d98d653276bedee532a22ea350a5d46a256a091096439d50cba001cba001128a68228281a2826550025908514d1197d0ab2a04ba21082d20922a21a20945045144a2a8225100510ba21475931885c10e844f2de9d71120b68c5123898f65c25a220a4802ca87458d833346436322558d3165b7c0a52e0a94fe4e78d2a6ccf91f014e667c990df3cb369591f22ca94ed83b8f448c5a3202a44dc5c44c938e38394e5515d59c4cfe212d465b72f2f0f64fac8678dea92c6b145ae1f2ce464f12d98a30cba5724fe96f8e0bb8b268a3e23970f9905a99c39776ec9a7d76a31494f0ea6725ecdf16639ecd465dbe55297d2d7633b7e54e508b5c3ae06ae3d3e0fc45ae77e8c33497327c231eb3c5de79fab36e975a5d11c55a98b8edc916fecc64351863f4c7a7c1667f0698659647c63ddf3b8ac9384a7b15b7d786267a984ee317b217fa8cc59b4fc46294125d3fb8d6a6243c86edef535f368371936f6ca71f76f91fe628a518460befd817964d6e9654d7c1ac884c271c7377394a6fb288c965c95fd29d3fee6232eb543f32bfb7266c9af9c952e0cdb22e56c791beab6d19751a98c96ce1b5dd19279673faa4d829d18bdff00e358d31e9cfd2fbfb0cc0b7396092e5f46c54737f29e3e15f3c8d6ad432e37eae8cb2ea6636e9734b4ed62c8eb8ea6b58a32c350a93be7dce66f8e5963725c4538bfbfb87bf269a54dbaf7f72ee18d32f0fdcf72e1befd8c73c6f164d8dd8f96b6728357da8bd3c7ced0dba5284aad9ae7a66f3f192514d19e7069da35648ed57b5bf8425c9495ae9ec5eb3a679d8cea728beb41ac925dec29c57b0292479fae6cfc76e7a5a9caa94a9116f7dcb8c53e8321039d6e17b252ab63f169d7dc663c7cf4344234fa19b5a913162da6b824b8129a4362eccdad41b7e9b3169e5bbc52fe0d399d43839b8726cd44f27b45d1ae3f59eefc2f33dfaacb2f79112062bbf76137c1eee67c797afd67ccad58a4da1b99f056269bf52e0e5d7eb7cfe2e0eddb1b38293a7c3aea0386d7ba1d062926848023e84e120a32b61ca3b925201e27177065c0c4e8d10c8daa66684b7ba7d46c9ec5b57ee6a566c6ac1e25974d3a57921fdafb1d7d36b716ad49e3bf4f0d33cd2c6b275fd28ee68302d3e9eaa9c9dbf735cdba96474372b1b191914b91d091bacc684c962d30ace75a5c9f00172e80590194d945104202d94d851365583656e35106d83603915b8a83b2d317b8b52206a61a6254838c881a5582997651764b2aca6c82db200e440aeee38f0698400c71e86a844f157652895288e4b80668cab2ce2265c1a268cf959d2462813e462919f7725ef37ea9ad5e6702e590cf2ca2a5949eaba764cbc197265179328973f93526218e656f14e40ef36ce346f072655185fb895332ebb50f14149765d06ac8e6ebf3639ea9c66ff978d5d2fccfb19e58a724e796507392e8dfd28cf9b2c12c8d394a736b96be94626f926b58d395bc34a1953af611184a6ed2746fd2f873f2bcfd4aa5f961ddfcb1aa0bad7d8d73c6fd4bd631434cd721f935f26a6a81675f58c6d649e2affc0a96348d925c0892a74fa331d46a526139e295c64d059334e4bd93f6238f2d75064bdbf431f5a05dfd5fb834336d95b69f24c34145c636f8ea5a8f34c370ae576186aa0f9e52fd47ae2956d5d45c16ee1a45d42f6db4fe4b3e2b46a31ad9e763e9f9914f5129c63d3a54be5038b334a50754d5725e18479c339552b52f665d41b82dcde176976346867158a58e6ad6eba7dd98ea78eaff0074372eb142108e34e4e2bea6bb97f0a76692836e551a7623262596e7a69294ab9877fd0c339cf23b949bb0e0a506a516d35d1a666f5b4915e6c9369a6abb13ce8ff6bfdcbcd791798feaefc751344dab90c795ddc5241473ce2f9a6252f72fa7d8966aee3a5a7cf1c8bda4bb1a537ec71f1c9e3c8a5dd1d88549269f5397531be6eaeafa8e5d150315f014da844c3656a27c3473172d9a73644eedf5129c63d1367a3c7cff005c7be9714fdb82a6a9728bf315f2e48a9c9b8f3ca3d3af3fd65ca045d30f2752dc3d3671b3ebacbf0ec4e95b24a14f7c7f61717c50e837658245b973ec32360c96d6a4975ea82724970f8f72a54708f0efd4816d4e54ba777ee0dca7c2e23fea6cd1e97cd9272e20b864b5a86e834af24d649f108f4f93ab65c71a845462aa2ba14d70667931af455f23a026b91f05c17fe4d4f43132d14904913d9311f4018c7d00689ec98ab2364a250f65f50305b0982c7b18ab29b230597d93d51b288ca35ee7aaec964a213d8f51c58680821d145d66c4482a0e31e08d17530a605b1ae360b893570be481ed642e8f4d034419960c6c6478dd5a6f81736039f1d45cf2164449cb832669721e4c8649ced9d798cdabb2a4c1b05b36c8672172649cb916e4004d8bdc5cd8066b626f817297c96c09326ae2d4b839fe2f929463f06e473f369726b752d49ecc51e252f7f846a7d3f1c7f2e79a6d415fcf63ade1fe150c0967d42529758c5f45f2ce8e2d361c0928c292e880d464724d59d79e19bd326af2f9927dd195b199786c433a7e39aeed94d3569f529fb86def827dd1356429555317953efd3dc7349f5ee2677cc7aa5d59285357eae8bb7c95e94ba31f0db7b25f44ba3f66064c4f1da7dba19c5d2d4a29f405c95f2986e369340b8f0dfb1317429c7726e3c209e4f4d28f62b6f048f74c60a536dd742d7a656d5f6b23870d922ff2cfe97d7e098a7e3c70caf6cb87d98a9c5e29ca33552ecfdcb8a6ad778ff9468538ea31a865e24be99114b5937c1a93fb205abfa7db940bc6e12daf8976f6911ee8c9a6a9aff002e6af1a95747c84a824f749c65d24ab81716d5c5f5467faa356e128ae9d4cfca1d1e2d02d72585a052f745dc5a2dc53292aec1351c93af73a9a196ed3c7dd3a3974eece8f86bb8ce3ececc76df37eba11a4adbb316b352a2eaf9f62f59aaf2a3b214e4ffc1cd69b76f96638e357ae972c8e4ed0b79677c326d7ee56c3afd73d8259e5de9a0a39137c77152545274c4b6532535f33a1aaaa9f7e88541736c7625772eeba23a4668271a971d19a31a518a6d75ec2daec14e492a83b97bfb0c55ce6975e7d920145cddcba7645a8a8ab7cb1fa6d928b9b20bc785b4df4aec6cd3cf64b6be8fa0bca9c76e45edcfc832696a7173e9c8b80aeb6972a93f2e5d4d2f19c96e506a5f997f93ada3cf1cf0ffa97f93cfe4e6cfb1d78aad9c8d8c066c0d44e52d6ec2d44bda336928e92b9d85b5c01439a028b6a40514d0ca29a26ae12d02d0d68168ba612d14d0d68aa2698551286ed26d27b55c2b696a2336f21c606a566c0c223a310a301b181d639d0a8f05388f51e01712a11b49b07ed26c011b0868d840372985e6d189e5a173d47c9c31bd6f966f9153cff00261fe200966b352234cf358af32d8873294f93a4671a77952c827702d974c14e7c8a948a931729135716e4558b6f92ecca89be006ca6c915be5427d55c15ab7d03735086f7d17097bb13932a94f8e20b88ff00e4194d65cb18c5dc61c9df9e718b74739350dcdfa999f23a56c64db9e551ec2751cb69763a465964d37d4574953ee5beb4c17d3dc08d570c91bc73ff00a65d0b52e36cba3e9f00f2b745f28c8bc8d4571f54be9403828aaf82424f265ddda0a97c8c97d37d442b2ed6ae2fa7663e12f321b5f50671e3e0083db24fb746155054abba64714dbfb741938a591fb4d5831e671beafd2c814a29c558b6b91e97f2e9f5e45b57220b872d5f4604e0d49aee492daa5f7e074d5ecc9da5c050636dd38fd4ba7fe08e494f74388be802f44fe2c6e48a93738a5d2dc4ca9aa70cf0509f0fb08c89e3b593977e993ee0ed71bab6bfd0359538edc9ea8bebf04504b6cadae1fb0397ea8e4f7e25f724ea12abb5d994a4a9c5f497fa99aa8b89124b9e005c70fb0ceaacb12a917564a2cde301711fa494b1ac93fca953fb8be6b90b1e48c6396138eee2e2be4cf5179a996379dbddbaf92a8a8fa95b76e8237cc98cf57e868ada1945c4d2a6855723e685c55bb39d9f5d39bf0c845ba487c6a2aba8a8f0afdfb8786f249257b53e4bb226689f7e6903b92a4b8527566ad66856282cb8a4da4b94fa98beb71fed467db5ac6a9e8e52c329c6db8f3f715a19fd517d19a74dab707527e9a10abcfc928709bfd80d90c9d232edc19b569c395f95dc4393e54977e00d44f76371ef451d5d3ca1aad3a77eaa178f24f499ebd9ff00830785ea36545f43af9611cd1ffa9ae0611d8c39219f1a9c1ddf543923cf787eaa5866f1beb17d3dcefe1cb1cb8f7c7a1e6ebc795d675a2a29a0bb14f92c4a0681a18c01522a8a68221968a6816863453450a68aa18d154403456d1944da450c6232312450c8a3a72c74b8c46c515143123ac72a8fa02c3655150345a45a4124515b48312201cc964e7a8a7229c85b6736ccdc0b90160b6170cdc5a90abe08a4130f72e0adc02970539f01717262a4c92980e44d3177c92c0b2ecaa9763125183b74d958b1b93dcf848a9cadd2e874f1f3fd63aa577b716d2179271aa49c5f7743723a8f532cddb3bb018e4c98dff2e717f13e852ceb2cfa6dc8bac7dfec0cadb11920a5ee9aeebb12c21b9e1b65b92e1ff815d8b866a5286a24edf4957044b9a7dfa3f722d0be45e597a546f97c2fb0c97a53bedd45416e6f235cbe8be00bfe9d38fe51f06b2416de962eac14fc89a9abdadfa91290524e2dd7ea80697b75e18c9ee9c54ef84fa8994295f3c3282524a2937d1f1f02e4d26bd5ca24a0552eeba9305b9c6baf7ff616a6acb492e5f4ba6492aa6ba3262eaa6d3efc5d869a585a6fba681947b2e9d57d818f3c7b0c34591c1ee49f1bad3243228d5db8db4fec0d3aa7d1f4293a953fd49819e6cb8e15a54fe504b1452df26ebdd742bcb6d5aeaba3f8054de274d6e83eb163175a961c72c7b2a2fd9f730e5c52c52aec6884de2a9c5b963ff4fb8e9797961b97a97c76339aae6da6ba72162c8e2f9e81e5c5b5f0ed0976fa99cc56b4a12569c536eff426c57f52af7b33c29f0c19476caaf82fb25e5a6be45ba595377caf617ea8f70e3272945f74cb7ad8939ca6aabf4b6d7ca2e829aa291d39fc73ebf545308a66d92e45463ddf45c852e5d1363c92d91fa575672e9d795638cb2cb7748ae87474785416e6648a49a843f435f99b2262c6b472cbc4d4b94d51832e37092d9c465ca1ee5626793f978255c2934c662d579596971c3e8ca527093528bb3a0e2b14a38a5f4c95a7ec23243cdc136beb832a14a72aa717b40724eecd1a492c98a9f55d4bcfa7515d3865c464d3fa1a77c33b183529c12be51c24ea54fb1d2d36dcb149f0fdd0c1af52ab2e3d463efc48d9a4d6791352bfe5cbaaf639f0f3713d9916e85f12415ac5969bbc7225fb15ea14d4a2a49da7d08d9c8f0dd4bc793c8c92f4bfa1b3aa72bce35ab6096037c99b160ac96090ce2a9b288c830d4a22891048b86ab69368658f535490714520d1be63168a28340c42b3a39d42896428b41a0106820880d902b8924c0dac79691cdd19f6b29c59ab6a2f62031b4c1a66d78932bc8031f34534e8d9e4012c1f006476c166878648078a5ec4527b878e0f24f6f6ee16c63f1c1431fcb35ccd4a1cd2518a8c7a76112e290c6f7e4b7d85cbea6cf4473a0935233cd7235be40972b8ea5d4c2e294d34bea4267169f21ce5e5e48cd7d9873a9bdbddaf4bf725b8b26b2b569a7caf6031c9c27b26ee2fe9f81d28d70d012c6a6a98a80cc9b9f97fdbcc9ffb1539471a76ea8bf5d4a0a3793ab93eebdc0f276b7bbd52f764680f34e7c4234bdd914252bdf26efb261edf8092b2e26a68e5ea962977e43c90a7467c89e39c7247aa35427fc463dc972ba927c0971e00925d46d0135d4b50afee5ee492f4df72aaa9872fe937fb99d6b010b7c7b01d1dfb0d8af545f7a0650f53f67d4a8b51dd171f6e50a9218bd33f80a71b6c0bd3ced6c7d8278e33938f77d046d941ee5d86a96e86f8fe47fe005adf826fbc5f54fb8d8c7d5bb04b6b7f965dcd128c7257752568cfb7cb5cadd8fb7ba32ab94564e1c764fbc5ff00b089e2f746c8eda5ba4a50ecdbe45ca5194dd3b42ac62dae0f9e85b49c699a5a8b6d7b89c98dc3bf062c504571ee5538bb0970fee1356301627294da93e2ac3ee2534928d3b5defa8e3a70e7da305b08091d2b3036d2b5d5f03ad62c7b13b93eac524dce351bae6836fd7b9a7f638ba1b85251737fa1529df012865cd1f4b8c5764c566c5970ff005170ff0032e82ac4bbe0b78af45197cb177b60df77c23661cb08e9d639a22ab2647358afac5504a6b137ff005706ed078364f11c13cb0c8b1b5d3774326af479f4b97cbd4c36c9729ae92fb1275370bb8cd87f93ac6bf2bea8d7a9c89e2943db942a70dd38645cbe8c5e7baa6692317e7e4d7a66d533328faa3f26b84369a8cd7574d259b1b8cba99324941f9593e96fabec4d36478f22f91b38c32659e29f47ca317e3702a6fcb69fd50e535dcebf856bbf89c7b65f52ee70f2c3269934f98d750bc3b2cb054e3f4df23360f54c065e39ac98a335dca3958aa20545519c5d032597240d1644d5d969825a3589a34cbb049630d1a61290bb259a894e532f799d4cbde543f797b846ff0092f780f53094ccdbcbf302634ef20852e0835718d2f80922048e6ed8b48348a88c41302a216d091745301b0a701d44a098cef1a05e25ec6a6816818c5971a8c6d88c92e077884b63c71bea61c9955db691be53071ee264f9065aac718fd57f6151d4425ceeaf866f530c685be186e56ad7f829b4d725d4c232c54a2c4466b63c791f1d9f746b925466c98fb97759cc1abc89a97f5175ff00a97b8b6a9d00a72c75bbe95d1fb1a1b8e586e417f59f509cb0f991e251f6ee8b4e39611927cd72145d369aec2b1561c93c5275193dd175d482dc6b82a874e29a4d0b7d68ba9806b72a60e97279529e2977e50d92a467cf06eb247ac45234354dfdc5e455fa8c8cd4f1465c73cb1193245f09d9170bff00dbbf9249fa1c577a05cb8a4992327bb738b2347638f2994e9cbee04b2c9b7b552ea02526f974567e1aa3ba4fe06ca975fb33345cd3752ea47ba5cb936eec43e1f04a4fa754d038e3b549f1b5c6eac528a69d37c775d82f2f8e7ecb9ee03a3963082f52b8b55f6032655ea8c6da52be9d43d2e9353a99d69b064ccfa542363351a3cda6c9fc3eab04f0664ad464ab827f575924bcc6f641f1cfe81430cdb6ba35ca5ee767c2ff000c78878969d6ab4f930c313934b74b954eba1bdfe0ef17f36304f4f28b57e65d2fb1360f30b4eef9b482fe1fb3933d27e1ef06c3aff11d4e97c46338cf02e71c65575d4afc59e1983c3759a7fe130ac7872637e95d2d722d9f847949476c9c6c8937c7b1ee3f14f86e9755f8730f8968f06384a2a326e2aae2cf10bdfbf73315554d3bfb9b345a496af76c924a3ee674acd7e1fa8f2b538e325517e97475e335cbc9bebf1a1f84c946de557f630eab4b2d3b4dc934fd8efced59c7f129dce11fd4efe4e64e75e4f0797aebacac707b6e493dd5c1708b9cee4ecb8f4ae8bbb2dc9a8afee9f6f6479dee14a76f6c78483c727371c6b98b7d00c78a97ab81d879945c5573d8cd689d5e9fcad46c8f316ae8184659724629557666ccae3fc7625f55f1c9a61a5c591efe928bae0d78f8bd573f27927136ba1e178f2434f3d0eb233c71d42b8648ae8c7eabc3f347c132e2d6648ce785de2c9dc2f0a9b96b71433e496485524fa23a59f039c270cd8fccc7dda7d7f438793fc7f273d6c6fc7e6e7be5e163296c69f12a11bf7429b77676ff0010786e0d2e48c7146506f9b5d1a3893c753f47291d7ee1b05a48c726ebeb166a8a30e2c8f14dc97734473a937cd1654b0d92a7c0e9645e9c9dd212a7192ea85b9fa5a2558e86f8e7c0ed7633e897a65113832d70c66925539324fc5febd07844f7e9e507f959b769c9f04c9ff313c7ee76a8e7541b49b466d26d32a4ca22e4a8d3242a68a8cec97c84d1144a8b45a2d44350e06985301ba1d28899a1a05c81de04f8152931a6347985ac865522d4c698d5bcaf30cce60f983571b565218bcd20d31b13f761a92f7104e4cbbe35292f70d49191365a9b4131b5341266259586b31531b2cb4ccab304b32098d0c1b16b2a7dc9bc18e4f8ae473d72863fad2a4bb7dc4ff0b18af5bdf2ff007364f125a9cd99f3293a5f0854b9b3bf31cbaacd38a4b84919e504faa46ac82648ebf1cfeb34f1778b92fb301bcc9f13bfd0d342e50f62645da4f9f9f97b5497c116a93e3245af90dc79b5c3ff0050bcb8ced4b866722ed2a6a3285c1a7ee84e1caf1c92bb5fec372e9924dafd4cd28b8b4a5d3b3f662fd27c6d9a538a9c5fec67cb7285ae27076be41c19de3954fa5d31f38a7cafd08b572caa508c9c1a4d751129d4b8e4987279786706e9c1f4a33bdf95dc53af724079733bea0c65972710ff002321a64a9cf963a941708b89acf8a31519466ee7bf6c55f03e70519b8aa332e35706d7166dceab2324565946a57d81cca9fdc6e4e8983955b5f62a50ece3f42d42ff00dc6415c517c7ee6aa42b6349fc1e9bf087e1ec3e2309eb75b1df8613d90c774a4fdd9e7e4ae2cf73f8075119f8364c29fab16677f6673eafc6b0ecfe2fe05a2d7bf0c969f1479519c9625b22df66cf33f8a34de17875f1978765c6f7f1970c1dc62fdd315f89f04b4df883570716de66a78d57d57edfa8ef18fc319fc37c37f8d8e6864828c77c1c6a5172e2be7a999f07a2fc1b8d68bf0dbcf24d29ca591d7b213f8bb498bc4fc130f89e9bd52c4b7a92eae0faa3b7a1d1c71782e1d14ee2960d9269d55ae40d168b45a4d17fc3b0e6597124d38ca6a5249f5fd09bf471bf00e673d06af0cbac32eeaf6b4747c43c0f36af5f2d543c5f3e9a2e9ac717e9471ff06609683c73c4f433bb824bee9747fb01f8f14e3abd0c9ca718ce12549b49b4ff00ff00459b40f84f9be1df8de583519fcf79a2e3e75fd76ad5ff00fc9d1fc7986fc2f4f9975c59d2bf64f83c5e9b512d3e7c79b13f5e3929ab7dd1eff078ef84f8b689c7559314772fe661cdc725b3064fc27b7c43f0d66d1e65bb1c652c57eebb1f3ed562f23513c7fd92707fa707d1755f883c1bc1f43b3433c53693f2f0e1e55fcb3c0e58bcf865374f33939cbf5e5920ca9bba19172e91ab62a3ec314a9aafdce912bb98b379da68cbbd53fb9c7d6cb7ea9fc23468f338647193fea72be19932bdf9a6fe4efdf5bcbcde3f1faf75234e29cbe95fe42c6ae5be4b97d17b02d5d45f0972c28c9461bdf17d0e4f48b2cba47bb1b8da8f2f84919b1adf3dcd8727ba4a29f066a9d963ba38b22ea9f26fd13b524dbe9665cd3c71c6a10926fa0cd0e64b263b6aaf6cbec74f0f595cbcfcfb738ecf8760967d6431c24b7fd4ebb23d3f938dd39456e5dd1c0f0dcdfc1fe24cf8b3250c7a88a5865da4bb1e8669b4d47eaed7ee6bc9d7b567c5c4e639fe2fa4d3e6c2bcef4be919f64cf1be2ba3968f50a35cdf3f28f7393578562c9e7c6515896ec9b970abba38bf8aa18b55e1b8b5983d4abaaeb44e7af98df5cfdd8f1ba8c1b65ba37b580a158edae4db15bf124d991a71cce12e8fa1cdb331e24fab691278f63e1da198b8c7cf542e4d39ab7c32520213a669d34a949997341e195be62fa31b8e5b71fdc8d3afe0926fc478f63d325c9e53c0f2f97abdefa743d5c5f7f73974a2a2512cbb30a09215243a42a6ca12d171458512a09443512d20d20133899f2236645c19722031e44659bea6bca63cae80adc56e16e40ee26a9ce40390b7205c89ab86ee209b20d1d72c842bb25128b201442e880517c90805db2f7304a9335ccfac7572026f81527c0737c31329708ece2098b90737c80cba985b40c9506c0634c0303a3b43180fe0a9826ed5afd8cda874d4a3cc65c3fb8f5c3fb819229df1c3ec4566cea3922b2e3bdd15538bf62f049cf13d9ca5fe05caf1cd3fccba3f75ecca7fc9c8b247fa72ebf04071709ea22a6bea54d7b9a1ed5375c52336769b52fccba306791d49df51aad5b938f004a6a5adc70be12b627738e287ee2f149bcd925de98d4c4926f13cbd5ee366a67be30a7f5508c8ab02c6bad0dc494d69bd92b6056a15492f6179789a0f52ef2fdc5cdde587c17fa9fc3be98d94809caf1b7efd03749c7fed4c0b9716be0e8fe1ef169f836ae79545e4c534964c6bbaf75f2729cd798f9e08a4dc72cfb5704fd57d123f8a3c0b2c5659ea15c3a6fc4dca2fe38383e39f8961e252c1874d8a4f4b0cb19e473e25969f4af63cb6f56ddae113cd4bbf0a56667307abf1cfc570f11f0fc9a4d369b2e153ab9ca54e93e9c1c2d0f8866f0bd5c751a47159126bd5cda303cdbaeffd01dedf44fa51ac1db5f883c45f894b5d19e38e770f2dca305525f2bdcc5acf12d5ebe519eb7513cce3f4a97631acb38c5a8a7ee06d9b1869be624ac0795b86d9252beed7422c1375c871d2abe64c6534b525f4ae2082596519da63569a0bb36c62d3636be95f6b18b2b365a72dd1e8f9053e7ee68cb86318a71854975f933f4e2888b73946a4bac7924794df77c8b9bb4323c455150749d5ae185971b92bb8d2e889149c9ca7dbb1514e72df2e22ba22d22259231550bfb00d648afa246cd3c1b9ce52e1ca3c21d6ae337f4cb892f932b18316c73db26d5f463a11787224dee8b7d57fb9b7269a1370e15bee747c2fc3f4fe21a1cb826b6e6c52e26bba17c938fb4bcefc5e9f558f2e9a38b551df8973192e258dfba67a7d067fe274ca4b22ccd71bd77fbfc9e23138e1cf934f27693699a7167cfa3935a5cb28daec77ef2f1ef1c3c53af7f4af5baf8cb2e278ae3e5c93f32d758fb23caf8be3968714b0639b789e3f4d3bb46a8fe20d5bc52c592309ee4e2db47235939bc0f7b6fb73ec67c565d6fcdcf5ce461d3cab0b52fd05e78ef49afa9728af54dc5624da5d5959a4e2d2e8d77317f5b8745a78ad19e5c839653c6d34fd12ff000472b466d590e9564c4d3ec072f6c175054b8a0e1e97cf2d856d8cd60c518c7adf53d669f26fd3e397ba3c4ce7ba91eb3433ff0092c5ef473e95bb717b846e2b71853a5342e731729812900c520948cfbbe42532a35a9f01c6664532d64034649f065c9224f25a113900196462cacd19199b20525b01b18d02d72450d95613894e2403642f6900ed10842bb2c84201084201642100804bea210df2e7dfe1393b8997e5210e8e409760244217f80582c842402c07d484348af62990854feb26afe87f6172ff00d0bfb90866ac57feda01fd042114593e9883a7fab210803e5fd45f60b4dfd287fd92ff0052100acffd78fd90afcebfed642153f83974c65e4faa3ff6b210042e85cbfa6fec4200bee838f4fd4842a19d90c8fd4421514bb871fa88400e3d4b2102a3fac2c7f51084ab05a8fa7f439cfea44219529f47f71f0fad108588b9fd2c7c7a44842b26c7eafd037fd37f7210cb53f1ab0fd38ce87807febb3fdd10872eff001a9fae7f8b7ffbfcff00f78d9fd70ffb4843d1cffd4e73fee81c9f5c4cfadfe8c4841e1fcabfe4fec23174660d47f50841d7e243727f43f410be9442186e097d41fe6642017ec7acd0ff00e8f1fd88431d2b414421cd552e82df42100041108541ae842100190a91080266679f5210aa060b210caa8a21022884201fffd9),
(2, 'Cristián', 'Arán', '1971-06-04', 47, 2, 0x637269737469616e6172616e2e6a7067),
(3, 'Rubén', 'Martínez', '1964-11-27', 53, 1, 0x727562656e6d617274696e657a),
(4, 'NICOLAS', 'ALARCON', '2019-05-16', NULL, 1, NULL),
(6, 'Alfredo', 'Arias', '1958-10-28', 60, 3, 0x61726961732d636f6e74656e746f2e6a7067);

-- --------------------------------------------------------

--
-- Estructura de tabla para la tabla `estadios`
--

CREATE TABLE `estadios` (
  `idEstadio` int(11) NOT NULL,
  `nombreEstadio` varchar(45) NOT NULL,
  `idPais` int(11) NOT NULL,
  `idCiudad` int(11) NOT NULL,
  `inauguracionEstadio` date DEFAULT NULL,
  `capacidadEstadio` int(11) DEFAULT NULL
) ENGINE=InnoDB DEFAULT CHARSET=utf8;

--
-- Volcado de datos para la tabla `estadios`
--

INSERT INTO `estadios` (`idEstadio`, `nombreEstadio`, `idPais`, `idCiudad`, `inauguracionEstadio`, `capacidadEstadio`) VALUES
(1, 'Estadio Fiscal de Talca', 1, 2, '1937-01-01', 8324),
(2, 'Estadio Huachipato-CAP Acero', 1, 1, '2009-11-04', 10500),
(3, 'Estadio Monumental', 1, 3, '1975-04-20', 47347),
(4, 'Estadio Fiscal de Linares', 1, 4, '1948-01-01', 7000),
(5, 'Estadio Nacional Julio Martinez Pradanos', 1, 3, '1938-10-03', 48665),
(6, 'Estadio Sausalito', 1, 9, '1929-09-08', 23423),
(7, 'Estadio Ester Roa Rebolledo', 1, 10, '1962-09-16', 30448),
(8, 'Estadio El cobre', 1, 11, '1980-06-01', 12000),
(9, 'Estadio San Carlos de Apoquindo', 1, 3, '1988-09-04', 14118),
(10, 'Santa Laura-Universidad SEK', 1, 3, '1923-05-10', 19000),
(11, 'Estadio La portada', 1, 12, '1952-08-26', 18243),
(12, 'Estadio Monumental David Arellano', 1, 3, '1975-02-12', 47347),
(13, 'Regional Calvo y Bascuñán', 1, 13, '1964-10-08', 21178),
(14, 'La Granja', 1, 7, '1949-05-04', 6000),
(15, 'Tierra de Campeones', 1, 14, '1993-12-05', 12000),
(16, 'El Teniente', 1, 18, '1945-05-14', 25000),
(17, 'Municipal Nicolás Chahuán Nazar', 1, 15, '1950-04-10', 9200),
(18, 'Francisco Sánchez Rumoroso', 1, 16, '1970-01-07', 18750),
(19, 'Elías Figueroa Brander', 1, 6, '1931-12-25', 20575),
(20, 'Municipal de La Cisterna', 1, 3, '1988-09-07', 8000),
(21, 'Bicentenario De La Florida', 1, 3, '1986-12-05', 12000);

-- --------------------------------------------------------

--
-- Estructura de tabla para la tabla `federaciones`
--

CREATE TABLE `federaciones` (
  `idFederacion` int(11) NOT NULL,
  `idConfederacion` int(11) NOT NULL,
  `nombreFederacion` varchar(70) NOT NULL,
  `fundacionFederacion` date NOT NULL,
  `sedeFederacion` varchar(45) DEFAULT NULL,
  `idPais` int(11) NOT NULL,
  `imagenFederacion` longblob DEFAULT NULL
) ENGINE=InnoDB DEFAULT CHARSET=utf8;

--
-- Volcado de datos para la tabla `federaciones`
--

INSERT INTO `federaciones` (`idFederacion`, `idConfederacion`, `nombreFederacion`, `fundacionFederacion`, `sedeFederacion`, `idPais`, `imagenFederacion`) VALUES
(2, 1, 'federacion editada', '2017-09-27', 'Cra. 45a #94-2, Bogotá', 1, NULL),
(3, 1, 'federacion prueba2', '2019-12-27', 'Cra. 45a #94-2, Bogotá', 9, NULL);

-- --------------------------------------------------------

--
-- Estructura de tabla para la tabla `historiales`
--

CREATE TABLE `historiales` (
  `idHistorial` int(11) NOT NULL,
  `idPartido` int(11) DEFAULT NULL,
  `idJugador` int(11) DEFAULT NULL,
  `golJugador` int(11) DEFAULT NULL,
  `amarillaJugador` int(11) DEFAULT NULL,
  `rojaJugador` int(11) DEFAULT NULL,
  `minutosJugador` int(11) DEFAULT NULL,
  `Titular` varchar(100) DEFAULT NULL
) ENGINE=InnoDB DEFAULT CHARSET=utf8;

--
-- Volcado de datos para la tabla `historiales`
--

INSERT INTO `historiales` (`idHistorial`, `idPartido`, `idJugador`, `golJugador`, `amarillaJugador`, `rojaJugador`, `minutosJugador`, `Titular`) VALUES
(100, 4, 6, NULL, NULL, NULL, NULL, 'GK'),
(101, 4, 7, NULL, NULL, NULL, NULL, 'DFI'),
(102, 4, 8, NULL, NULL, NULL, NULL, 'DFC-1'),
(103, 4, 9, NULL, NULL, NULL, NULL, 'DFC-2'),
(104, 4, 10, NULL, NULL, NULL, NULL, 'DFC-3'),
(105, 4, NULL, NULL, NULL, NULL, NULL, 'DFD'),
(106, 4, NULL, NULL, NULL, NULL, NULL, 'MC-1'),
(107, 4, NULL, NULL, NULL, NULL, NULL, 'MC-2'),
(108, 4, NULL, NULL, NULL, NULL, NULL, 'MC-3'),
(109, 4, NULL, NULL, NULL, NULL, NULL, 'MC-4'),
(110, 4, NULL, NULL, NULL, NULL, NULL, 'MC-5'),
(111, 4, NULL, NULL, NULL, NULL, NULL, 'DC-1'),
(112, 4, NULL, NULL, NULL, NULL, NULL, 'DC-2'),
(113, 4, NULL, NULL, NULL, NULL, NULL, 'DC-3'),
(114, 4, NULL, NULL, NULL, NULL, NULL, 'GK-L'),
(115, 4, NULL, NULL, NULL, NULL, NULL, 'DFI-L'),
(116, 4, NULL, NULL, NULL, NULL, NULL, 'DFC-1-L'),
(117, 4, NULL, NULL, NULL, NULL, NULL, 'DFC-2-L'),
(118, 4, NULL, NULL, NULL, NULL, NULL, 'DFC-3-L'),
(119, 4, NULL, NULL, NULL, NULL, NULL, 'DFD-L'),
(120, 4, NULL, NULL, NULL, NULL, NULL, 'MC-1-L'),
(121, 4, NULL, NULL, NULL, NULL, NULL, 'MC-2-L'),
(122, 4, NULL, NULL, NULL, NULL, NULL, 'MC-3-L'),
(123, 4, NULL, NULL, NULL, NULL, NULL, 'MC-4-L'),
(124, 4, NULL, NULL, NULL, NULL, NULL, 'MC-5-L'),
(125, 4, NULL, NULL, NULL, NULL, NULL, 'DC-1-L'),
(126, 4, NULL, NULL, NULL, NULL, NULL, 'DC-2-L'),
(127, 4, NULL, NULL, NULL, NULL, NULL, 'DC-3-L'),
(128, 5, NULL, NULL, NULL, NULL, NULL, 'GK'),
(129, 5, NULL, NULL, NULL, NULL, NULL, 'DFI'),
(130, 5, NULL, NULL, NULL, NULL, NULL, 'DFC-1'),
(131, 5, NULL, NULL, NULL, NULL, NULL, 'DFC-2'),
(132, 5, NULL, NULL, NULL, NULL, NULL, 'DFC-3'),
(133, 5, NULL, NULL, NULL, NULL, NULL, 'DFD'),
(134, 5, NULL, NULL, NULL, NULL, NULL, 'MC-1'),
(135, 5, NULL, NULL, NULL, NULL, NULL, 'MC-2'),
(136, 5, NULL, NULL, NULL, NULL, NULL, 'MC-3'),
(137, 5, NULL, NULL, NULL, NULL, NULL, 'MC-4'),
(138, 5, NULL, NULL, NULL, NULL, NULL, 'MC-5'),
(139, 5, NULL, NULL, NULL, NULL, NULL, 'DC-1'),
(140, 5, NULL, NULL, NULL, NULL, NULL, 'DC-2'),
(141, 5, NULL, NULL, NULL, NULL, NULL, 'DC-3'),
(142, 5, 6, NULL, NULL, NULL, NULL, 'GK-L'),
(143, 5, 8, NULL, NULL, NULL, NULL, 'DFI-L'),
(144, 5, 9, NULL, NULL, NULL, NULL, 'DFC-1-L'),
(145, 5, 7, NULL, NULL, NULL, NULL, 'DFC-2-L'),
(146, 5, 10, NULL, NULL, NULL, NULL, 'DFC-3-L'),
(147, 5, NULL, NULL, NULL, NULL, NULL, 'DFD-L'),
(148, 5, NULL, NULL, NULL, NULL, NULL, 'MC-1-L'),
(149, 5, NULL, NULL, NULL, NULL, NULL, 'MC-2-L'),
(150, 5, NULL, NULL, NULL, NULL, NULL, 'MC-3-L'),
(151, 5, NULL, NULL, NULL, NULL, NULL, 'MC-4-L'),
(152, 5, NULL, NULL, NULL, NULL, NULL, 'MC-5-L'),
(153, 5, NULL, NULL, NULL, NULL, NULL, 'DC-1-L'),
(154, 5, NULL, NULL, NULL, NULL, NULL, 'DC-2-L'),
(155, 5, NULL, NULL, NULL, NULL, NULL, 'DC-3-L');

-- --------------------------------------------------------

--
-- Estructura de tabla para la tabla `jugadores`
--

CREATE TABLE `jugadores` (
  `idJugador` int(11) NOT NULL,
  `nombreJugador` varchar(45) NOT NULL,
  `apellidosJugador` varchar(45) NOT NULL,
  `nacimientoJugador` date NOT NULL,
  `edadJugador` int(11) NOT NULL,
  `posicionJugador` varchar(45) NOT NULL,
  `alturaJugador` int(11) DEFAULT NULL,
  `pesoJugador` int(11) DEFAULT NULL,
  `pieJugador` varchar(45) DEFAULT NULL,
  `idClub` int(11) DEFAULT NULL,
  `golesJugador` int(11) DEFAULT NULL,
  `amarillasJugador` int(11) DEFAULT NULL,
  `rojasJugador` int(11) DEFAULT NULL,
  `minutostotalesJugador` int(11) DEFAULT NULL,
  `imagenJugador` longblob DEFAULT NULL,
  `idPais` int(11) NOT NULL
) ENGINE=InnoDB DEFAULT CHARSET=utf8;

--
-- Volcado de datos para la tabla `jugadores`
--

INSERT INTO `jugadores` (`idJugador`, `nombreJugador`, `apellidosJugador`, `nacimientoJugador`, `edadJugador`, `posicionJugador`, `alturaJugador`, `pesoJugador`, `pieJugador`, `idClub`, `golesJugador`, `amarillasJugador`, `rojasJugador`, `minutostotalesJugador`, `imagenJugador`, `idPais`) VALUES
(1, 'Joaquín', 'Verdugo Salazar', '1996-10-07', 22, 'Delantero', 177, 65, 'izquierdo', 1, NULL, NULL, NULL, NULL, NULL, 1),
(2, 'Cristián', 'Arrué', '1994-11-06', 23, 'Mediocampista', 170, 70, 'izquierdo', 2, NULL, NULL, NULL, NULL, 0x637269737469616e61727275652e6a7067, 1),
(3, 'Juan', 'Aravena Morales', '1996-03-19', 23, 'Arquero', 183, 75, 'derecho', 7, NULL, NULL, NULL, NULL, 0x6a75616e69746f2e6a7067, 1),
(4, 'Juan', 'Córdova', '1995-06-25', 23, 'Defensa', 165, 63, 'derecho', 1, NULL, NULL, NULL, NULL, 0x313534323831373630366a75616e636f72646f76612e706e67, 1),
(5, 'Carlos', 'Lampe', '1987-03-17', 31, 'Defensa', 192, 88, 'derecho', 14, NULL, NULL, NULL, NULL, NULL, 6),
(6, 'Jhonny', 'Herrera', '1983-05-09', 36, 'Arquero', 184, 85, 'derecho', 13, NULL, NULL, NULL, NULL, 0x32343939362e706e67, 1),
(7, 'Jean', 'Beausejour', '1984-06-01', 35, 'Defensa', 178, 83, 'izquierdo', 13, NULL, NULL, NULL, NULL, 0x6a65616e2e706e67, 1),
(8, 'Lucas', 'Aveldaño', '1985-07-19', 33, 'Defensa', 185, 82, 'derecho', 13, NULL, NULL, NULL, NULL, 0x6c756361732e706e67, 2),
(9, 'Sergio', 'Vittor', '1989-06-09', 30, 'Defensa', 189, 86, 'derecho', 13, NULL, NULL, NULL, NULL, 0x766974746f722e706e67, 2),
(10, 'Matías', 'Rodriguez', '1986-04-14', 33, 'Defensa', 178, 71, 'derecho', 13, NULL, NULL, NULL, NULL, 0x6d617469726f6472696775657a2e706e67, 2);

-- --------------------------------------------------------

--
-- Estructura de tabla para la tabla `migrations`
--

CREATE TABLE `migrations` (
  `id` int(10) UNSIGNED NOT NULL,
  `migration` varchar(255) COLLATE utf8mb4_unicode_ci NOT NULL,
  `batch` int(11) NOT NULL
) ENGINE=InnoDB DEFAULT CHARSET=utf8mb4 COLLATE=utf8mb4_unicode_ci;

--
-- Volcado de datos para la tabla `migrations`
--

INSERT INTO `migrations` (`id`, `migration`, `batch`) VALUES
(9, '2014_10_12_000000_create_users_table', 1),
(10, '2014_10_12_100000_create_password_resets_table', 1),
(11, '2018_11_16_161624_create_roles_table', 1),
(12, '2018_11_16_162115_create_role_user_table', 1);

-- --------------------------------------------------------

--
-- Estructura de tabla para la tabla `paises`
--

CREATE TABLE `paises` (
  `idPais` int(11) NOT NULL,
  `nombrePais` varchar(45) NOT NULL,
  `idContinente` int(11) NOT NULL
) ENGINE=InnoDB DEFAULT CHARSET=utf8;

--
-- Volcado de datos para la tabla `paises`
--

INSERT INTO `paises` (`idPais`, `nombrePais`, `idContinente`) VALUES
(1, 'Chile', 1),
(2, 'Argentina', 1),
(3, 'Paraguay', 1),
(4, 'Brasil', 1),
(6, 'Perú', 1),
(9, 'Suiza', 2),
(10, 'Colombia', 1),
(11, 'Uruguay', 1);

-- --------------------------------------------------------

--
-- Estructura de tabla para la tabla `partidos`
--

CREATE TABLE `partidos` (
  `idPartido` int(11) NOT NULL,
  `clubLocalPartido` int(11) NOT NULL,
  `clubVisitaPartido` int(11) NOT NULL,
  `fechaPartido` date NOT NULL,
  `horaPartido` time NOT NULL,
  `jornadaPartido` varchar(45) NOT NULL,
  `idEstadio` int(11) NOT NULL,
  `idArbitroCentral` int(11) NOT NULL COMMENT '	',
  `idTorneo` int(11) DEFAULT NULL,
  `TipoPartido` varchar(45) NOT NULL,
  `golesVisitaPartido` int(11) DEFAULT NULL,
  `golesLocalPartido` int(11) DEFAULT NULL,
  `estadoPartido` varchar(45) DEFAULT NULL,
  `idArbitroAsistente1` int(11) DEFAULT NULL,
  `idArbitroAsistente2` int(11) DEFAULT NULL,
  `idCuartoArbitro` int(11) DEFAULT NULL,
  `leido` int(11) DEFAULT NULL,
  `publicoPresente` int(11) DEFAULT NULL
) ENGINE=InnoDB DEFAULT CHARSET=utf8;

--
-- Volcado de datos para la tabla `partidos`
--

INSERT INTO `partidos` (`idPartido`, `clubLocalPartido`, `clubVisitaPartido`, `fechaPartido`, `horaPartido`, `jornadaPartido`, `idEstadio`, `idArbitroCentral`, `idTorneo`, `TipoPartido`, `golesVisitaPartido`, `golesLocalPartido`, `estadoPartido`, `idArbitroAsistente1`, `idArbitroAsistente2`, `idCuartoArbitro`, `leido`, `publicoPresente`) VALUES
(4, 12, 13, '2018-11-15', '12:00:00', '1', 3, 1, 1, 'amistoso', 1, 1, 'Expirado', 1, 1, 1, 2, NULL),
(5, 13, 12, '2018-11-15', '12:00:00', '1', 3, 1, 1, 'amistoso', 1, 1, 'Expirado', 1, 1, 1, 2, NULL),
(6, 1, 12, '2018-11-23', '23:00:00', '1', 2, 1, 2, 'oficial', NULL, NULL, 'Suspendido', 1, 1, 1, NULL, NULL),
(7, 1, 12, '2018-11-23', '23:00:00', '1', 2, 1, 2, 'oficial', NULL, NULL, 'Suspendido', 1, 1, 1, NULL, NULL),
(8, 12, 13, '2019-05-05', '22:30:00', '2', 3, 1, 1, 'amistoso', 2, 2, 'Expirado', 2, 1, 2, 2, NULL),
(9, 44, 45, '2020-03-12', '17:30:00', '1', 2, 1, 1, 'oficial', 1, 2, 'Expirado', 3, 4, 2, 2, NULL),
(10, 52, 53, '2020-03-12', '21:00:00', '1', 16, 2, 1, 'oficial', 2, 1, 'Expirado', 3, 4, 1, 2, NULL),
(11, 55, 47, '2020-03-12', '12:00:00', '1', 19, 1, 1, 'oficial', 3, 0, 'Expirado', 3, 4, 2, 2, NULL),
(12, 13, 41, '2020-03-12', '18:30:00', '1', 5, 2, 1, 'oficial', 1, 5, 'Expirado', 3, 4, 1, 2, NULL),
(13, 46, 12, '2020-03-12', '12:00:00', '1', 8, 2, 1, 'oficial', 1, 2, 'Expirado', 3, 4, 1, 2, NULL),
(14, 49, 50, '2020-03-12', '19:30:00', '1', 11, 1, 1, 'oficial', 1, 0, 'Expirado', 3, 4, 2, 2, NULL),
(15, 47, 48, '2020-03-13', '21:00:00', '2', 9, 1, 1, 'oficial', NULL, NULL, 'Proximo', 3, 4, 2, 0, NULL),
(18, 12, 55, '2020-03-13', '19:00:00', '2', 3, 1, 1, 'oficial', NULL, NULL, 'Proximo', 3, 4, 2, 0, NULL),
(19, 57, 45, '2020-03-13', '20:30:00', '2', 21, 1, 1, 'oficial', NULL, NULL, 'Proximo', 3, 4, 2, 0, NULL),
(20, 54, 51, '2020-03-13', '17:00:00', '2', 18, 1, 1, 'oficial', NULL, NULL, 'Proximo', 3, 4, 2, 0, NULL),
(21, 56, 13, '2020-03-13', '12:00:00', '2', 20, 1, 1, 'oficial', NULL, NULL, 'Proximo', 3, 4, 2, 0, NULL),
(22, 1, 47, '2020-03-14', '17:30:00', '3', 2, 1, 1, 'oficial', NULL, NULL, 'Proximo', 3, 4, 2, 0, NULL),
(23, 54, 56, '2020-03-14', '20:00:00', '3', 18, 1, 1, 'oficial', NULL, NULL, 'Proximo', 3, 4, 2, 0, NULL),
(24, 12, 52, '2020-03-14', '18:30:00', '3', 3, 1, 1, 'oficial', NULL, NULL, 'Proximo', 3, 4, 2, 0, NULL),
(25, 45, 53, '2020-03-14', '19:30:00', '3', 7, 2, 1, 'oficial', NULL, NULL, 'Proximo', 3, 4, 1, 0, NULL),
(26, 51, 13, '2020-03-14', '12:00:00', '3', 15, 1, 1, 'oficial', NULL, NULL, 'Proximo', 3, 4, 2, 0, NULL);

-- --------------------------------------------------------

--
-- Estructura de tabla para la tabla `password_resets`
--

CREATE TABLE `password_resets` (
  `email` varchar(191) COLLATE utf8mb4_unicode_ci NOT NULL,
  `token` varchar(191) COLLATE utf8mb4_unicode_ci NOT NULL,
  `created_at` timestamp NULL DEFAULT NULL
) ENGINE=InnoDB DEFAULT CHARSET=utf8mb4 COLLATE=utf8mb4_unicode_ci;

-- --------------------------------------------------------

--
-- Estructura de tabla para la tabla `posiciones`
--

CREATE TABLE `posiciones` (
  `idPosicion` int(11) NOT NULL,
  `idTorneo` int(11) NOT NULL,
  `idClub` int(11) NOT NULL,
  `PG` int(11) DEFAULT 0,
  `PP` int(11) DEFAULT 0,
  `PE` int(11) DEFAULT 0,
  `GolesFavor` int(11) DEFAULT 0,
  `GolesContra` int(11) DEFAULT 0,
  `Diferencia` int(11) DEFAULT 0,
  `Puntos` int(11) DEFAULT 0
) ENGINE=InnoDB DEFAULT CHARSET=utf8 COLLATE=utf8_spanish_ci;

--
-- Volcado de datos para la tabla `posiciones`
--

INSERT INTO `posiciones` (`idPosicion`, `idTorneo`, `idClub`, `PG`, `PP`, `PE`, `GolesFavor`, `GolesContra`, `Diferencia`, `Puntos`) VALUES
(68, 1, 1, 0, 0, 0, 0, 0, 0, 0),
(69, 1, 12, 0, 1, 0, 1, 2, -1, 0),
(70, 1, 13, 1, 0, 0, 5, 1, 4, 3),
(71, 4, 2, 0, 0, 0, 0, 0, 0, 0),
(72, 3, 7, 0, 0, 0, 0, 0, 0, 0),
(73, 1, 44, 1, 0, 0, 2, 1, 1, 3),
(74, 1, 45, 0, 1, 0, 1, 2, -1, 0),
(75, 1, 46, 1, 0, 0, 2, 1, 1, 3),
(76, 1, 47, 1, 0, 0, 3, 0, 3, 3),
(77, 1, 48, 0, 0, 0, 0, 0, 0, 0),
(78, 1, 49, 0, 1, 0, 0, 1, -1, 0),
(79, 1, 50, 1, 0, 0, 1, 0, 1, 3),
(80, 1, 51, 0, 0, 0, 0, 0, 0, 0),
(81, 1, 52, 0, 1, 0, 1, 2, -1, 0),
(82, 1, 53, 1, 0, 0, 2, 1, 1, 3),
(83, 1, 54, 0, 0, 0, 0, 0, 0, 0),
(84, 1, 55, 0, 1, 0, 0, 3, -3, 0),
(85, 1, 56, 0, 0, 0, 0, 0, 0, 0),
(86, 1, 57, 0, 0, 0, 0, 0, 0, 0);

-- --------------------------------------------------------

--
-- Estructura de tabla para la tabla `roles`
--

CREATE TABLE `roles` (
  `id` int(10) UNSIGNED NOT NULL,
  `name` varchar(191) COLLATE utf8mb4_unicode_ci NOT NULL,
  `description` varchar(191) COLLATE utf8mb4_unicode_ci NOT NULL,
  `created_at` timestamp NULL DEFAULT NULL,
  `updated_at` timestamp NULL DEFAULT NULL
) ENGINE=InnoDB DEFAULT CHARSET=utf8mb4 COLLATE=utf8mb4_unicode_ci;

--
-- Volcado de datos para la tabla `roles`
--

INSERT INTO `roles` (`id`, `name`, `description`, `created_at`, `updated_at`) VALUES
(1, 'admin', 'Administrador', '2018-11-24 07:12:48', '2018-11-24 07:12:48'),
(2, 'user', 'User', '2018-11-24 07:12:48', '2018-11-24 07:12:48'),
(3, 'comentarista', 'Comentarista', '2018-11-24 07:12:48', '2018-11-24 07:12:48');

-- --------------------------------------------------------

--
-- Estructura de tabla para la tabla `role_user`
--

CREATE TABLE `role_user` (
  `id` int(10) UNSIGNED NOT NULL,
  `user_id` int(10) UNSIGNED NOT NULL,
  `role_id` int(10) UNSIGNED NOT NULL,
  `created_at` timestamp NULL DEFAULT NULL,
  `updated_at` timestamp NULL DEFAULT NULL
) ENGINE=InnoDB DEFAULT CHARSET=utf8mb4 COLLATE=utf8mb4_unicode_ci;

--
-- Volcado de datos para la tabla `role_user`
--

INSERT INTO `role_user` (`id`, `user_id`, `role_id`, `created_at`, `updated_at`) VALUES
(1, 1, 2, NULL, NULL),
(2, 2, 1, NULL, NULL),
(3, 3, 2, NULL, NULL),
(4, 4, 3, NULL, NULL),
(5, 5, 3, NULL, NULL),
(6, 6, 3, NULL, NULL);

-- --------------------------------------------------------

--
-- Estructura de tabla para la tabla `torneos`
--

CREATE TABLE `torneos` (
  `idTorneo` int(11) NOT NULL,
  `nombreTorneo` varchar(45) NOT NULL,
  `edicion` int(11) NOT NULL,
  `idConfederacion` int(11) DEFAULT NULL,
  `idAsociacion` int(11) DEFAULT NULL,
  `idClubCampeon` int(11) DEFAULT NULL,
  `imagenTorneo` longblob DEFAULT NULL
) ENGINE=InnoDB DEFAULT CHARSET=utf8;

--
-- Volcado de datos para la tabla `torneos`
--

INSERT INTO `torneos` (`idTorneo`, `nombreTorneo`, `edicion`, `idConfederacion`, `idAsociacion`, `idClubCampeon`, `imagenTorneo`) VALUES
(1, 'Campeonato AFP PlanVital', 2020, NULL, 1, NULL, 0x6c6f676f5f616670706c616e766974616c2e706e67),
(2, 'Copa Libertadores de América', 2018, 1, NULL, NULL, NULL),
(3, 'Campeonato Segunda División', 2020, NULL, 1, NULL, 0x6c6f676f2d736567756e64612d6469766973696f6e2e706e67),
(4, 'Campeonato Primera B', 2020, NULL, 1, NULL, 0x5072696d657261422e706e67),
(5, 'Campeonato Copa Chile MTS', 2018, NULL, 1, NULL, NULL);

-- --------------------------------------------------------

--
-- Estructura de tabla para la tabla `trayectoriasdirectorestecnicos`
--

CREATE TABLE `trayectoriasdirectorestecnicos` (
  `idDirectorTecnico` int(11) NOT NULL,
  `idClub` int(11) NOT NULL,
  `idTrayectoriaDirectoresTecnicos` int(11) NOT NULL
) ENGINE=InnoDB DEFAULT CHARSET=utf8;

-- --------------------------------------------------------

--
-- Estructura de tabla para la tabla `trayectoriasjugadores`
--

CREATE TABLE `trayectoriasjugadores` (
  `idTrayectoriaJugador` int(11) NOT NULL,
  `idJugador` int(11) NOT NULL,
  `idClub` int(11) NOT NULL,
  `idTorneo` int(11) NOT NULL COMMENT '	',
  `camisetaJugador` int(11) DEFAULT NULL
) ENGINE=InnoDB DEFAULT CHARSET=utf8;

--
-- Volcado de datos para la tabla `trayectoriasjugadores`
--

INSERT INTO `trayectoriasjugadores` (`idTrayectoriaJugador`, `idJugador`, `idClub`, `idTorneo`, `camisetaJugador`) VALUES
(1, 1, 1, 1, 18),
(2, 1, 2, 4, 19),
(4, 1, 7, 3, 1),
(5, 4, 1, 1, 15),
(6, 6, 7, 1, 1),
(7, 7, 2, 4, 3),
(8, 7, 13, 1, 4),
(9, 8, 2, 1, 2),
(11, 9, 2, 3, 3),
(12, 10, 12, 2, 3);

-- --------------------------------------------------------

--
-- Estructura de tabla para la tabla `users`
--

CREATE TABLE `users` (
  `id` int(10) UNSIGNED NOT NULL,
  `name` varchar(191) COLLATE utf8mb4_unicode_ci NOT NULL,
  `email` varchar(191) COLLATE utf8mb4_unicode_ci NOT NULL,
  `email_verified_at` timestamp NULL DEFAULT NULL,
  `password` varchar(191) COLLATE utf8mb4_unicode_ci NOT NULL,
  `remember_token` varchar(100) COLLATE utf8mb4_unicode_ci DEFAULT NULL,
  `created_at` timestamp NULL DEFAULT NULL,
  `updated_at` timestamp NULL DEFAULT NULL
) ENGINE=InnoDB DEFAULT CHARSET=utf8mb4 COLLATE=utf8mb4_unicode_ci;

--
-- Volcado de datos para la tabla `users`
--

INSERT INTO `users` (`id`, `name`, `email`, `email_verified_at`, `password`, `remember_token`, `created_at`, `updated_at`) VALUES
(1, 'User', 'user@mail.com', NULL, '$2y$10$lwcFgR0xXpbWli4BRSNKue2PfMghwQaia4G0Jpo37gzJcujXn12/u', 'Yvb76gvepJw4em2nIW4YE6N0O3kBbVVa83HiCcZRnCM0Y0L2Wkv1ve310bKM', NULL, NULL),
(2, 'Admin', 'admin@mail.com', NULL, '$2y$10$Fh1lNM0vxQaXVfxGu5gEx.MY.UvT7OGaggAylSmJmh568LN/W8FHG', 'jTat0cueL8OKnrpgZWDiAgUx5OlxPzI8IT4kmhSvOlV8YMIEIjaelf5jVLzQ', NULL, NULL),
(3, 'juano2', 'juano2@mail.com', NULL, '$2y$10$YEquybii2XXnTj6pUTCy8edncp5EQ18i7FaeefbpMfizybSkxXzCO', 'A9yB8EFOe50ma8AesYgqF0jNKAr9p9F656Xtoz3STGvqGX2a5HiJ2OAsP14f', NULL, NULL),
(4, 'juano3', 'juano3@mail.com', NULL, '$2y$10$9NoRjoWfcKA1bsc7x6sfh.1fpddHKI8y2zDOa12xxmctxJw7eA05K', 'Y2fwQOhTFuoz2EK7EPbIs9vfHg6hmmtFE43Pemojs5h2kb7BFZZtE9OIHcfx', NULL, NULL),
(5, 'Luis', 'luisfuenzalidalizana@gmail.com', NULL, '$2y$10$whvadb3I90bKFdKpzGYwWurTfDP28gv6j3QFnwLh4uxYUBrRycwpi', 'IgRhXzQoqbgzlVfTFBVVvRcBKj6OzLclpklQQwlL7tUko0NRrXEGqAnecKxV', NULL, NULL),
(6, 'tu mami', 'luis@mail.com', NULL, '$2y$10$hNl5YRwl.IQSC0Zj3Xc3seKG/xWzG8LtsJQ.WJ8bvsBeuiAx8nYvG', 'FnFkDRnCsCeovX3IaY6UcFCGDQbOrhxlLB6C991nSrG5ucNgXDqCcihS3mpG', NULL, NULL);

-- --------------------------------------------------------

--
-- Estructura de tabla para la tabla `usuarioclub`
--

CREATE TABLE `usuarioclub` (
  `idusuarioClub` int(11) NOT NULL,
  `idusuario` int(11) NOT NULL,
  `idClub` int(11) NOT NULL
) ENGINE=InnoDB DEFAULT CHARSET=utf8;

--
-- Volcado de datos para la tabla `usuarioclub`
--

INSERT INTO `usuarioclub` (`idusuarioClub`, `idusuario`, `idClub`) VALUES
(4, 2, 1),
(5, 1, 1),
(6, 5, 13),
(8, 6, 12);

--
-- Índices para tablas volcadas
--

--
-- Indices de la tabla `arbitros`
--
ALTER TABLE `arbitros`
  ADD PRIMARY KEY (`idArbitro`),
  ADD KEY `fk_Arbitro_idAsociacion_idx` (`idAsociacion`),
  ADD KEY `fk_Arbitros_idPais_idx` (`idPais`);

--
-- Indices de la tabla `asociaciones`
--
ALTER TABLE `asociaciones`
  ADD PRIMARY KEY (`idAsociacion`),
  ADD KEY `fk_Asociacion_idFederacion_idx` (`idFederacion`),
  ADD KEY `fk_Asociacion_idPais_idx` (`idPais`);

--
-- Indices de la tabla `ciudades`
--
ALTER TABLE `ciudades`
  ADD PRIMARY KEY (`idCiudad`),
  ADD KEY `fk_Ciudad_idPais_idx` (`idPais`);

--
-- Indices de la tabla `clubes`
--
ALTER TABLE `clubes`
  ADD PRIMARY KEY (`idClub`),
  ADD KEY `fk_Club_idAsociacion_idx` (`idAsociacion`),
  ADD KEY `fk_Club_idDirectorTecnico_idx` (`idDirectorTecnico`),
  ADD KEY `fk_Club_idEstadio_idx` (`idEstadio`),
  ADD KEY `fk_Club_idCiudad_idx` (`idCiudad`),
  ADD KEY `fk_Club_idPais_idx` (`idPais`);

--
-- Indices de la tabla `confederaciones`
--
ALTER TABLE `confederaciones`
  ADD PRIMARY KEY (`idConfederacion`),
  ADD UNIQUE KEY `idConfederacion_UNIQUE` (`idConfederacion`),
  ADD KEY `fk_Confederacion_idContinente_idx` (`idContinente`),
  ADD KEY `fk_Confederacion_idPais_idx` (`idPais`);

--
-- Indices de la tabla `continentes`
--
ALTER TABLE `continentes`
  ADD PRIMARY KEY (`idContinente`),
  ADD UNIQUE KEY `idContinente_UNIQUE` (`idContinente`);

--
-- Indices de la tabla `directorestecnicos`
--
ALTER TABLE `directorestecnicos`
  ADD PRIMARY KEY (`idDirectorTecnico`),
  ADD KEY `fk_Director Tecnico_idPais_idx` (`idPais`);

--
-- Indices de la tabla `estadios`
--
ALTER TABLE `estadios`
  ADD PRIMARY KEY (`idEstadio`),
  ADD KEY `fk_Estadio_idCiudad_idx` (`idCiudad`),
  ADD KEY `fk_Estadio_idPais_idx` (`idPais`);

--
-- Indices de la tabla `federaciones`
--
ALTER TABLE `federaciones`
  ADD PRIMARY KEY (`idFederacion`);

--
-- Indices de la tabla `historiales`
--
ALTER TABLE `historiales`
  ADD PRIMARY KEY (`idHistorial`);

--
-- Indices de la tabla `jugadores`
--
ALTER TABLE `jugadores`
  ADD PRIMARY KEY (`idJugador`),
  ADD KEY `fk_Jugador_idClub_idx` (`idClub`),
  ADD KEY `fk_Jugadores_idPais_idx` (`idPais`);

--
-- Indices de la tabla `migrations`
--
ALTER TABLE `migrations`
  ADD PRIMARY KEY (`id`);

--
-- Indices de la tabla `paises`
--
ALTER TABLE `paises`
  ADD PRIMARY KEY (`idPais`),
  ADD UNIQUE KEY `nombrePaísunico` (`nombrePais`),
  ADD KEY `fk_Paises_idContinente_idx` (`idContinente`);

--
-- Indices de la tabla `partidos`
--
ALTER TABLE `partidos`
  ADD PRIMARY KEY (`idPartido`),
  ADD KEY `fk_Partido_idArbitro_idx` (`idArbitroCentral`),
  ADD KEY `fk_Partido_idTorneo_idx` (`idTorneo`),
  ADD KEY `fk_Partido_clubLocalPartido_idx` (`clubLocalPartido`),
  ADD KEY `fk_Partido_clubVisitaPartido_idx` (`clubVisitaPartido`),
  ADD KEY `fk_Partido_idEstadio_idx` (`idEstadio`),
  ADD KEY `fk_Partidos_idArbitroAsistente1_idx` (`idArbitroAsistente1`),
  ADD KEY `fk_Partidos_idArbitroAsistente2_idx` (`idArbitroAsistente2`),
  ADD KEY `fk_Partidos_idCuartoArbitro_idx` (`idCuartoArbitro`);

--
-- Indices de la tabla `password_resets`
--
ALTER TABLE `password_resets`
  ADD KEY `password_resets_email_index` (`email`);

--
-- Indices de la tabla `posiciones`
--
ALTER TABLE `posiciones`
  ADD PRIMARY KEY (`idPosicion`);

--
-- Indices de la tabla `roles`
--
ALTER TABLE `roles`
  ADD PRIMARY KEY (`id`);

--
-- Indices de la tabla `role_user`
--
ALTER TABLE `role_user`
  ADD PRIMARY KEY (`id`);

--
-- Indices de la tabla `torneos`
--
ALTER TABLE `torneos`
  ADD PRIMARY KEY (`idTorneo`),
  ADD UNIQUE KEY `idTorneoConfederacion_UNIQUE` (`idTorneo`),
  ADD KEY `fk_Torneo_idConfederacion_idx` (`idConfederacion`),
  ADD KEY `fk_Torneo_idAsociacion_idx` (`idAsociacion`),
  ADD KEY `fk_Torneos_idClubCampeon_idx` (`idClubCampeon`);

--
-- Indices de la tabla `trayectoriasdirectorestecnicos`
--
ALTER TABLE `trayectoriasdirectorestecnicos`
  ADD PRIMARY KEY (`idTrayectoriaDirectoresTecnicos`),
  ADD KEY `fk_Trayectoria Director Tecnico_idClub_idx` (`idClub`);

--
-- Indices de la tabla `trayectoriasjugadores`
--
ALTER TABLE `trayectoriasjugadores`
  ADD PRIMARY KEY (`idTrayectoriaJugador`) USING BTREE,
  ADD KEY `fk_Trayectoria Jugador_idClub_idx` (`idClub`),
  ADD KEY `fk_TrayectoriaJugador_idTorneo_idx` (`idTorneo`);

--
-- Indices de la tabla `users`
--
ALTER TABLE `users`
  ADD PRIMARY KEY (`id`),
  ADD UNIQUE KEY `users_email_unique` (`email`);

--
-- Indices de la tabla `usuarioclub`
--
ALTER TABLE `usuarioclub`
  ADD PRIMARY KEY (`idusuarioClub`);

--
-- AUTO_INCREMENT de las tablas volcadas
--

--
-- AUTO_INCREMENT de la tabla `arbitros`
--
ALTER TABLE `arbitros`
  MODIFY `idArbitro` int(11) NOT NULL AUTO_INCREMENT, AUTO_INCREMENT=5;

--
-- AUTO_INCREMENT de la tabla `asociaciones`
--
ALTER TABLE `asociaciones`
  MODIFY `idAsociacion` int(11) NOT NULL AUTO_INCREMENT, AUTO_INCREMENT=3;

--
-- AUTO_INCREMENT de la tabla `ciudades`
--
ALTER TABLE `ciudades`
  MODIFY `idCiudad` int(11) NOT NULL AUTO_INCREMENT COMMENT '	', AUTO_INCREMENT=19;

--
-- AUTO_INCREMENT de la tabla `clubes`
--
ALTER TABLE `clubes`
  MODIFY `idClub` int(11) NOT NULL AUTO_INCREMENT, AUTO_INCREMENT=58;

--
-- AUTO_INCREMENT de la tabla `confederaciones`
--
ALTER TABLE `confederaciones`
  MODIFY `idConfederacion` int(11) NOT NULL AUTO_INCREMENT, AUTO_INCREMENT=3;

--
-- AUTO_INCREMENT de la tabla `continentes`
--
ALTER TABLE `continentes`
  MODIFY `idContinente` int(11) NOT NULL AUTO_INCREMENT, AUTO_INCREMENT=3;

--
-- AUTO_INCREMENT de la tabla `directorestecnicos`
--
ALTER TABLE `directorestecnicos`
  MODIFY `idDirectorTecnico` int(11) NOT NULL AUTO_INCREMENT, AUTO_INCREMENT=7;

--
-- AUTO_INCREMENT de la tabla `estadios`
--
ALTER TABLE `estadios`
  MODIFY `idEstadio` int(11) NOT NULL AUTO_INCREMENT, AUTO_INCREMENT=22;

--
-- AUTO_INCREMENT de la tabla `federaciones`
--
ALTER TABLE `federaciones`
  MODIFY `idFederacion` int(11) NOT NULL AUTO_INCREMENT, AUTO_INCREMENT=4;

--
-- AUTO_INCREMENT de la tabla `historiales`
--
ALTER TABLE `historiales`
  MODIFY `idHistorial` int(11) NOT NULL AUTO_INCREMENT, AUTO_INCREMENT=156;

--
-- AUTO_INCREMENT de la tabla `jugadores`
--
ALTER TABLE `jugadores`
  MODIFY `idJugador` int(11) NOT NULL AUTO_INCREMENT, AUTO_INCREMENT=11;

--
-- AUTO_INCREMENT de la tabla `migrations`
--
ALTER TABLE `migrations`
  MODIFY `id` int(10) UNSIGNED NOT NULL AUTO_INCREMENT, AUTO_INCREMENT=13;

--
-- AUTO_INCREMENT de la tabla `paises`
--
ALTER TABLE `paises`
  MODIFY `idPais` int(11) NOT NULL AUTO_INCREMENT, AUTO_INCREMENT=12;

--
-- AUTO_INCREMENT de la tabla `partidos`
--
ALTER TABLE `partidos`
  MODIFY `idPartido` int(11) NOT NULL AUTO_INCREMENT, AUTO_INCREMENT=27;

--
-- AUTO_INCREMENT de la tabla `posiciones`
--
ALTER TABLE `posiciones`
  MODIFY `idPosicion` int(11) NOT NULL AUTO_INCREMENT, AUTO_INCREMENT=87;

--
-- AUTO_INCREMENT de la tabla `roles`
--
ALTER TABLE `roles`
  MODIFY `id` int(10) UNSIGNED NOT NULL AUTO_INCREMENT, AUTO_INCREMENT=4;

--
-- AUTO_INCREMENT de la tabla `role_user`
--
ALTER TABLE `role_user`
  MODIFY `id` int(10) UNSIGNED NOT NULL AUTO_INCREMENT, AUTO_INCREMENT=7;

--
-- AUTO_INCREMENT de la tabla `torneos`
--
ALTER TABLE `torneos`
  MODIFY `idTorneo` int(11) NOT NULL AUTO_INCREMENT, AUTO_INCREMENT=6;

--
-- AUTO_INCREMENT de la tabla `trayectoriasdirectorestecnicos`
--
ALTER TABLE `trayectoriasdirectorestecnicos`
  MODIFY `idTrayectoriaDirectoresTecnicos` int(11) NOT NULL AUTO_INCREMENT;

--
-- AUTO_INCREMENT de la tabla `trayectoriasjugadores`
--
ALTER TABLE `trayectoriasjugadores`
  MODIFY `idTrayectoriaJugador` int(11) NOT NULL AUTO_INCREMENT, AUTO_INCREMENT=13;

--
-- AUTO_INCREMENT de la tabla `users`
--
ALTER TABLE `users`
  MODIFY `id` int(10) UNSIGNED NOT NULL AUTO_INCREMENT, AUTO_INCREMENT=7;

--
-- AUTO_INCREMENT de la tabla `usuarioclub`
--
ALTER TABLE `usuarioclub`
  MODIFY `idusuarioClub` int(11) NOT NULL AUTO_INCREMENT, AUTO_INCREMENT=9;

--
-- Restricciones para tablas volcadas
--

--
-- Filtros para la tabla `arbitros`
--
ALTER TABLE `arbitros`
  ADD CONSTRAINT `fk_Arbitro_idAsociacion` FOREIGN KEY (`idAsociacion`) REFERENCES `asociaciones` (`idAsociacion`) ON DELETE NO ACTION ON UPDATE NO ACTION,
  ADD CONSTRAINT `fk_Arbitros_idPais` FOREIGN KEY (`idPais`) REFERENCES `paises` (`idPais`) ON DELETE NO ACTION ON UPDATE NO ACTION;

--
-- Filtros para la tabla `ciudades`
--
ALTER TABLE `ciudades`
  ADD CONSTRAINT `fk_Ciudad_idPais` FOREIGN KEY (`idPais`) REFERENCES `paises` (`idPais`) ON DELETE NO ACTION ON UPDATE NO ACTION;
COMMIT;

/*!40101 SET CHARACTER_SET_CLIENT=@OLD_CHARACTER_SET_CLIENT */;
/*!40101 SET CHARACTER_SET_RESULTS=@OLD_CHARACTER_SET_RESULTS */;
/*!40101 SET COLLATION_CONNECTION=@OLD_COLLATION_CONNECTION */;
